"id","consent","group_sim","focus_1_sim","focus_2_sim","focus_3_sim","graphi_1_sim","graphi_2_sim","graphi_3_sim","inte_1_sim","inte_2_sim","inte_3_sim","inte_4_sim","inte_5_sim","soci_1_sim","soci_2_sim","soci_3_sim","soci_4_sim","soci_5_sim","symp_1_sim","symp_2_sim","symp_3_sim","symp_4_sim","symp_5_sim","symp_6_sim","symp_7_sim","symp_8_sim","symp_9_sim","symp_10_sim","play_1_sim","play_2_sim","play_3_sim","play_4_sim","effi_1_sim","effi_2_sim","effi_3_sim","effi_4_sim","dona_1_sim","dona_2_sim","dona_3_sim","INTER_SIM","group","age_sim","gender_sim","race_sim","income_sim","edu_sim"
1,1,1,5,2,6,7,3,4,3,6,5,6,5,7,6,7,7,7,4,7,7,3,7,6,7,6,5,7,2,4,5,5,7,6,6,7,5,4,7,1,1,50,1,1,2,1
2,1,1,5,2,6,6,7,6,1,1,1,1,1,2,1,2,1,1,4,2,1,2,4,5,7,1,4,1,1,1,3,1,3,3,2,2,6,2,4,3,1,56,2,3,8,7
3,1,1,5,2,6,4,7,6,5,3,3,2,5,3,2,5,2,6,2,1,5,3,6,5,4,6,1,2,3,3,4,3,6,6,4,6,4,5,5,7,1,39,2,4,1,3
4,1,1,5,2,6,5,7,7,5,2,7,4,5,2,7,5,5,6,7,7,7,4,6,7,4,7,7,7,5,4,4,2,3,4,5,5,5,6,6,7,1,43,2,4,7,2
5,1,1,5,2,6,7,5,4,2,2,3,4,2,4,3,5,2,3,1,2,7,4,4,2,6,2,3,3,5,4,2,6,2,5,2,3,3,4,4,6,1,33,2,2,4,6
6,1,1,5,2,6,6,7,7,4,6,6,3,3,7,7,6,5,5,2,4,2,2,2,1,2,2,3,4,2,3,3,1,6,3,4,3,2,4,5,3,1,41,1,3,5,7
7,1,1,5,2,6,6,7,6,6,4,3,5,2,2,4,3,4,3,7,6,6,7,2,5,6,7,7,7,3,3,3,4,3,5,4,2,3,2,7,5,1,46,2,7,3,3
8,1,1,5,2,6,3,3,4,7,6,6,7,5,6,3,3,3,7,5,4,5,5,4,4,5,5,3,5,6,7,6,7,4,4,3,4,4,4,4,3,1,29,3,3,4,6
9,1,1,5,2,6,7,7,4,6,7,7,6,6,5,2,3,3,1,7,6,7,7,4,7,5,6,3,7,7,7,7,7,3,7,6,7,7,7,7,7,1,56,1,2,10,6
10,1,1,5,2,6,7,6,4,5,4,4,4,6,1,1,2,2,2,1,3,1,1,1,1,1,1,1,2,2,1,5,3,2,3,3,4,2,2,2,4,1,31,1,4,2,5
11,1,1,5,2,6,6,7,6,7,5,5,4,2,3,2,3,6,4,3,4,3,5,3,3,3,4,4,2,4,2,3,6,3,1,6,4,5,6,5,7,1,45,4,2,9,7
12,1,1,5,2,6,7,5,5,1,5,2,2,1,1,4,3,1,1,5,6,5,5,6,6,7,7,5,3,2,1,5,3,1,2,3,1,7,4,1,6,1,34,2,6,5,4
13,1,1,5,2,6,3,4,4,5,3,5,2,5,6,3,4,5,3,5,3,5,1,6,4,4,3,4,4,7,4,5,2,4,3,2,7,3,2,4,5,1,46,2,6,11,6
14,1,1,5,2,6,7,7,6,6,2,4,6,5,3,4,4,6,6,2,3,4,6,3,4,5,4,1,3,4,3,4,7,3,1,5,4,3,1,1,7,1,41,3,6,6,2
15,1,1,5,2,6,6,7,6,3,3,4,7,3,6,5,5,5,6,6,7,5,6,7,6,7,6,7,6,4,3,7,7,4,5,4,3,6,5,4,6,1,40,2,5,12,7
16,1,1,5,2,6,7,6,7,5,6,7,6,3,3,1,4,4,1,2,6,5,6,2,6,3,6,6,6,2,3,3,4,4,3,4,4,1,2,3,1,1,31,2,3,12,5
17,1,1,5,2,6,7,7,7,7,5,6,7,7,2,2,3,1,2,3,3,4,2,2,7,5,3,2,3,1,1,1,4,1,2,1,3,1,3,3,7,1,51,1,4,4,1
18,1,1,5,2,6,6,6,2,4,6,1,3,2,4,4,6,3,7,3,5,3,7,4,3,1,6,3,3,7,4,7,5,3,4,7,5,2,5,2,5,1,29,2,1,4,7
19,1,1,5,2,6,7,6,4,2,7,6,3,6,4,7,5,5,7,7,6,7,7,7,7,7,7,7,7,7,7,7,7,7,7,7,7,7,6,6,3,1,34,2,5,10,1
20,1,1,5,2,6,7,7,7,2,6,2,4,3,1,1,2,3,3,3,3,5,3,3,1,1,3,2,6,2,4,1,1,3,4,1,2,1,1,1,7,1,42,3,4,11,2
21,1,1,5,2,6,6,7,7,7,7,7,5,5,5,5,6,2,6,3,5,4,6,2,5,1,4,4,5,6,4,6,7,6,7,5,7,7,7,3,3,1,28,3,4,12,6
22,1,1,5,2,6,7,7,4,5,7,6,6,7,5,4,6,6,5,2,4,1,5,2,5,1,5,3,5,7,7,5,6,4,7,6,4,6,6,1,2,1,35,3,5,7,5
23,1,1,5,2,6,7,6,6,6,7,5,5,2,1,1,4,1,1,3,5,4,4,1,1,3,5,2,1,4,4,4,3,4,2,2,1,2,3,5,7,1,37,3,1,11,5
24,1,1,5,2,6,7,7,5,1,5,1,1,2,5,2,3,5,2,1,1,1,3,1,2,1,6,2,1,3,2,4,3,4,3,5,1,7,4,7,7,1,60,3,5,1,2
25,1,1,5,2,6,7,3,2,3,2,2,5,4,1,5,2,5,4,5,2,4,5,2,2,3,6,1,2,7,7,6,7,3,3,5,3,3,5,4,7,1,38,2,4,3,1
26,1,1,5,2,6,6,7,7,6,6,6,6,7,5,2,7,3,6,2,4,7,4,2,5,5,4,4,4,6,6,6,5,5,6,4,2,7,5,3,5,1,52,2,6,3,1
27,1,1,5,2,6,5,5,5,7,6,7,5,4,1,4,1,1,3,4,2,5,4,3,6,2,5,7,2,2,3,1,3,1,3,4,4,6,4,7,2,1,40,3,3,11,8
28,1,1,5,2,6,6,2,6,1,2,4,2,2,1,1,1,1,2,1,1,2,1,2,2,1,1,2,1,2,3,3,6,1,2,1,1,2,3,2,6,1,41,1,3,5,3
29,1,1,5,2,6,6,3,3,3,1,1,2,3,2,2,2,4,3,2,1,3,1,1,1,1,4,3,3,4,3,5,7,2,3,2,1,2,3,2,4,1,44,3,1,9,1
30,1,1,5,2,6,7,6,7,6,7,5,7,7,6,3,4,5,6,3,6,3,6,2,2,4,7,2,4,5,4,4,5,4,5,6,4,7,5,4,6,1,40,2,1,10,8
31,1,1,5,2,6,7,1,5,5,2,3,3,4,7,3,7,5,6,1,1,1,1,1,1,1,1,3,1,4,2,4,2,4,5,6,5,1,2,1,2,1,35,1,6,3,1
32,1,1,5,2,6,2,6,4,2,3,5,2,4,5,6,4,6,5,2,4,5,3,2,3,4,5,6,4,7,4,7,7,2,2,5,4,4,2,1,7,1,41,1,4,12,5
33,1,1,5,2,6,6,6,1,3,1,5,6,4,2,2,6,3,3,4,4,1,2,3,4,2,6,3,6,5,6,2,2,2,4,2,4,6,5,3,5,1,41,1,3,6,1
34,1,1,5,2,6,7,3,7,3,7,3,3,4,1,2,2,7,4,2,3,3,6,5,2,1,4,4,2,1,1,1,2,1,2,1,1,1,2,1,6,1,40,2,2,7,6
35,1,1,5,2,6,7,6,2,5,2,2,5,1,4,3,1,4,2,3,7,2,7,4,6,4,2,4,4,6,5,3,5,5,2,6,5,2,5,5,7,1,40,2,3,6,7
36,1,1,5,2,6,2,6,4,5,4,6,4,3,6,4,7,5,5,5,5,3,7,6,3,7,7,7,4,6,3,6,5,7,6,4,5,4,7,6,3,1,42,3,2,11,6
37,1,1,5,2,6,3,7,7,4,4,4,1,4,7,5,6,4,2,2,4,4,4,4,2,2,3,2,2,3,2,2,5,1,1,2,3,4,4,5,7,1,34,1,3,7,7
38,1,1,5,2,6,7,6,7,6,3,2,4,3,2,4,4,2,6,5,6,3,3,4,2,4,2,4,2,2,6,5,2,3,4,4,6,6,5,2,7,1,44,1,5,1,7
39,1,1,5,2,6,7,7,4,3,4,5,5,6,5,7,7,6,7,7,6,2,3,4,4,5,3,4,7,7,7,5,5,7,5,7,4,5,5,7,3,1,51,3,2,13,6
40,1,1,5,2,6,7,2,6,2,1,2,1,1,1,1,1,1,1,2,3,2,1,1,2,2,4,1,1,1,1,2,2,1,1,1,1,4,6,3,3,1,51,4,2,13,7
41,1,1,5,2,6,7,6,4,5,5,2,5,1,4,3,5,4,4,5,5,2,6,6,3,7,4,2,6,4,1,3,2,2,6,5,4,6,2,4,3,1,46,2,6,12,1
42,1,1,5,2,6,7,4,7,4,4,2,4,2,2,1,1,1,2,1,1,1,3,2,2,3,1,2,1,3,3,4,7,1,2,3,2,1,1,4,3,1,41,2,6,7,2
43,1,1,5,2,6,7,6,5,2,1,2,1,1,1,1,2,3,1,1,4,3,2,5,2,2,1,4,2,1,1,1,3,2,3,3,3,1,7,5,3,1,31,1,2,4,5
44,1,1,5,2,6,7,5,7,3,7,6,6,6,3,7,5,6,7,6,6,6,3,7,7,7,6,6,7,1,2,1,3,6,6,3,6,3,6,5,7,1,35,1,2,2,1
45,1,1,5,2,6,7,7,6,1,1,2,5,4,5,3,3,6,2,3,1,2,1,1,5,2,2,2,2,2,4,3,4,3,6,4,3,4,5,4,7,1,31,1,6,3,5
46,1,1,5,2,6,7,2,7,5,4,3,5,7,7,7,7,6,7,6,5,6,2,5,6,3,4,4,3,6,5,6,2,7,7,5,7,7,6,4,5,1,46,3,3,2,1
47,1,1,5,2,6,7,1,7,1,2,2,2,1,6,4,5,6,6,3,5,5,5,6,5,5,6,6,4,4,6,3,3,3,2,4,5,4,4,2,3,1,33,1,2,5,4
48,1,1,5,2,6,2,4,6,4,5,5,4,4,4,2,5,3,4,5,5,6,5,7,7,6,7,6,7,2,1,4,1,3,3,3,3,5,6,6,5,1,50,1,4,4,6
49,1,1,5,2,6,7,5,3,2,6,2,1,1,1,2,1,1,5,2,1,1,3,2,1,3,2,6,5,2,6,2,4,1,1,1,1,3,1,4,2,1,48,3,5,3,4
50,1,1,5,2,6,7,6,6,2,1,1,1,3,1,2,1,4,1,3,1,2,2,1,1,4,1,1,2,4,2,4,4,3,5,3,4,3,2,2,7,1,38,3,5,3,4
51,1,1,5,2,6,7,7,5,5,4,5,5,5,3,2,2,1,2,7,3,5,6,6,2,5,5,3,6,3,4,4,2,3,4,3,6,7,6,4,7,1,41,3,5,7,3
52,1,1,5,2,6,7,5,7,5,3,4,7,4,3,3,4,6,2,2,2,2,1,1,3,3,5,1,1,4,5,7,7,1,3,1,3,7,6,5,4,1,18,2,7,5,6
53,1,1,5,2,6,7,7,3,5,6,7,4,2,6,5,6,7,6,7,4,7,7,7,6,7,7,7,4,7,7,7,5,7,7,7,6,7,4,7,7,1,51,1,4,1,2
54,1,1,5,2,6,6,6,5,3,1,1,1,2,3,2,2,3,2,5,1,5,5,4,1,7,5,5,5,2,1,2,1,1,2,1,1,1,2,1,4,1,43,2,1,8,4
55,1,1,5,2,6,6,6,6,2,2,4,1,6,2,1,4,3,6,4,2,6,3,3,3,4,1,4,5,2,5,4,4,3,1,1,1,1,1,1,2,1,39,3,6,10,7
56,1,1,5,2,6,6,6,7,4,1,2,3,1,3,7,6,7,4,5,4,5,3,2,2,1,4,2,4,5,7,5,7,5,6,5,6,3,3,1,3,1,48,1,1,3,6
57,1,1,5,2,6,7,7,7,1,3,2,3,2,2,2,1,3,1,5,4,4,1,2,3,1,4,2,2,5,3,2,3,5,4,3,1,6,5,7,3,1,47,2,5,3,1
58,1,1,5,2,6,6,4,4,7,7,6,6,2,7,7,7,7,7,6,5,6,3,5,6,6,4,5,5,7,7,7,7,7,7,7,7,7,6,7,6,1,45,4,2,5,3
59,1,1,5,2,6,4,5,7,6,7,6,4,7,4,3,3,3,4,5,4,7,3,3,4,5,5,3,4,5,6,2,2,2,4,4,2,1,3,1,6,1,46,1,5,11,1
60,1,1,5,2,6,6,7,6,7,7,7,7,6,4,2,6,5,3,2,1,3,1,7,1,2,2,1,3,4,2,3,2,2,3,3,5,6,5,5,7,1,34,3,3,5,3
61,1,1,5,2,6,6,6,7,2,3,6,7,7,2,7,5,6,2,3,6,4,7,7,3,4,5,4,4,5,5,6,6,5,5,4,2,2,2,2,3,1,40,2,5,2,1
62,1,1,5,2,6,1,4,5,4,4,6,4,7,1,1,1,1,3,3,7,2,7,3,4,3,5,6,5,1,4,4,6,3,5,2,4,3,1,1,2,1,44,2,4,7,7
63,1,1,5,2,6,7,2,6,5,4,2,2,3,4,6,5,6,3,6,2,1,1,4,6,1,2,6,2,4,6,3,6,7,5,7,4,2,7,7,7,1,56,1,4,13,2
64,1,1,5,2,6,7,7,6,4,3,6,3,2,2,1,5,1,1,6,5,5,4,5,6,6,5,5,7,4,1,2,2,5,2,4,4,7,6,7,7,1,43,1,1,8,5
65,1,1,5,2,6,6,6,2,2,7,6,5,5,4,2,1,1,1,3,2,3,2,1,2,1,4,4,4,6,6,7,2,5,1,2,3,6,7,7,7,1,42,3,5,2,6
66,1,1,5,2,6,6,1,6,2,4,7,1,3,6,7,5,7,5,7,7,6,4,5,7,2,5,6,7,6,5,3,4,5,7,7,4,7,5,6,7,1,48,1,3,6,1
67,1,1,5,2,6,5,2,6,6,2,3,5,1,3,1,2,2,2,2,6,6,6,5,6,4,5,3,3,5,2,3,1,5,4,2,2,2,1,2,5,1,52,3,4,13,3
68,1,1,5,2,6,5,7,7,3,3,6,1,3,6,1,1,3,1,6,1,4,4,3,3,3,4,5,5,6,7,5,3,2,4,4,3,2,5,6,7,1,35,3,3,1,5
69,1,1,5,2,6,7,4,7,1,1,2,2,3,3,1,4,1,3,2,2,4,1,3,4,3,2,1,4,1,1,1,1,5,5,4,2,1,6,5,3,1,35,2,6,11,4
70,1,1,5,2,6,6,3,6,2,3,1,1,1,4,3,2,3,1,3,3,3,5,1,3,5,3,2,2,1,5,2,2,3,4,4,3,6,7,5,2,1,26,1,4,2,1
71,1,1,5,2,6,6,6,6,6,3,3,2,3,2,5,6,2,2,5,4,4,3,2,4,3,1,6,7,5,4,4,6,5,6,5,3,1,1,1,5,1,45,1,6,7,4
72,1,1,5,2,6,6,7,4,6,6,5,3,4,4,3,5,5,6,6,7,4,6,4,4,5,7,4,7,1,1,1,3,3,3,6,4,6,5,5,1,1,35,2,1,5,4
73,1,1,5,2,6,6,6,2,6,6,7,6,7,3,7,7,5,6,5,4,4,7,3,3,6,5,3,6,7,2,2,2,4,3,3,5,5,7,7,6,1,46,1,3,12,4
74,1,1,5,2,6,6,4,5,3,2,2,1,1,3,7,5,5,2,6,5,7,1,6,4,2,6,5,3,2,2,2,3,4,5,3,3,3,5,2,6,1,27,1,2,6,3
75,1,1,5,2,6,6,7,7,3,3,7,5,6,6,6,6,7,7,4,6,5,3,5,3,6,4,4,3,7,7,7,7,7,7,5,7,1,2,3,4,1,27,2,6,9,5
76,1,1,5,2,6,7,3,7,4,1,2,3,4,2,3,2,1,6,3,1,3,1,4,3,6,2,2,4,1,3,1,3,1,1,1,1,4,6,4,6,1,50,3,5,4,4
77,1,1,5,2,6,6,7,6,5,4,6,4,7,7,3,5,5,4,5,4,2,4,6,5,6,3,2,4,7,1,3,3,4,5,3,3,3,6,7,4,1,41,2,2,3,4
78,1,1,5,2,6,1,6,7,4,5,5,7,5,4,2,1,1,2,1,1,1,4,4,1,3,1,4,2,1,4,3,4,2,2,2,2,5,2,3,6,1,33,3,5,5,2
79,1,1,5,2,6,6,6,5,6,3,5,4,5,5,5,3,3,4,6,5,5,7,5,4,5,5,5,5,1,1,3,7,4,7,3,4,5,4,7,5,1,36,3,3,8,2
80,1,1,5,2,6,6,7,4,5,6,3,3,3,5,6,4,6,5,7,6,1,4,5,6,6,4,6,6,2,4,5,4,4,5,6,4,5,2,5,7,1,38,1,3,1,2
81,1,1,5,2,6,7,4,6,6,6,6,7,3,1,1,2,4,2,3,4,4,6,7,6,6,5,7,4,1,2,2,3,2,1,4,2,1,4,1,3,1,38,2,1,1,6
82,1,1,5,2,6,7,2,3,1,1,3,4,1,2,2,6,1,5,3,3,4,5,2,2,3,2,3,6,1,4,6,3,3,2,2,3,3,2,4,5,1,32,2,1,12,6
83,1,1,5,2,6,6,7,6,1,2,4,6,4,2,4,4,3,3,3,2,2,3,2,4,1,2,6,1,6,4,6,4,1,2,3,5,2,4,5,3,1,18,1,4,1,5
84,1,1,5,2,6,7,5,4,4,4,3,5,4,4,4,5,5,3,1,1,5,6,3,2,5,5,6,3,4,6,6,3,4,5,6,2,6,7,4,6,1,37,1,2,6,3
85,1,1,5,2,6,7,7,6,3,1,3,3,1,2,1,1,1,2,6,5,4,5,3,3,4,2,7,5,3,4,2,3,3,1,2,2,1,6,3,7,1,41,1,4,2,7
86,1,1,5,2,6,5,7,6,4,4,7,7,7,7,6,7,6,7,7,4,7,7,7,7,6,7,7,3,5,3,3,1,4,4,6,4,6,3,2,4,1,58,3,6,3,3
87,1,1,5,2,6,7,4,4,7,6,7,7,7,7,4,7,6,7,7,6,6,6,5,7,6,6,7,7,4,6,6,3,4,4,3,7,4,2,5,6,1,30,3,4,1,5
88,1,1,5,2,6,3,6,7,1,4,3,6,4,3,6,6,2,7,6,2,6,5,2,6,2,4,2,4,5,4,3,3,2,3,6,5,1,1,3,6,1,34,3,2,3,8
89,1,1,5,2,6,5,7,5,6,5,7,5,7,6,6,5,4,4,2,5,7,2,3,6,4,4,4,4,1,6,6,5,6,6,5,5,3,6,4,5,1,40,2,5,1,4
90,1,1,5,2,6,7,7,1,1,5,3,4,3,4,1,2,2,1,5,5,3,4,2,7,2,4,7,4,6,7,7,4,7,4,5,7,5,7,5,6,1,22,2,1,10,6
91,1,1,5,2,6,7,6,2,3,3,6,6,2,2,3,4,2,6,4,5,4,4,3,6,5,6,3,4,1,1,3,1,5,6,6,5,6,3,3,7,1,34,1,3,4,5
92,1,1,5,2,6,6,5,7,1,2,1,1,1,5,2,4,5,4,2,3,3,1,3,4,4,3,4,5,7,6,4,2,4,2,4,1,5,5,3,5,1,32,2,4,7,3
93,1,1,5,2,6,6,3,5,2,4,4,5,5,4,3,3,6,2,1,1,1,2,4,3,2,3,4,3,4,3,3,7,1,3,4,2,5,5,6,6,1,34,3,3,5,3
94,1,1,5,2,6,7,6,4,4,4,6,3,4,7,6,7,7,6,4,6,7,5,7,4,6,3,6,6,7,7,5,6,5,6,5,7,5,7,6,7,1,29,3,4,5,6
95,1,1,5,2,6,3,7,6,3,1,2,2,3,2,2,3,1,7,5,6,5,5,4,6,3,6,5,6,5,6,6,5,3,1,3,6,2,4,2,7,1,53,1,1,5,6
96,1,1,5,2,6,6,7,7,1,1,1,1,1,3,2,1,2,1,1,2,1,2,1,1,1,1,2,1,1,2,1,1,1,1,1,1,2,4,3,5,1,33,1,2,10,5
97,1,1,5,2,6,5,6,6,7,4,6,6,4,7,6,3,5,5,2,6,3,4,5,1,3,5,5,6,6,5,6,6,6,6,7,5,5,7,7,4,1,32,2,1,11,5
98,1,1,5,2,6,7,4,5,7,7,7,6,7,2,5,7,5,6,3,1,3,5,4,5,4,5,6,4,3,4,5,4,2,4,5,4,3,2,3,6,1,44,1,4,2,1
99,1,1,5,2,6,3,6,6,7,6,6,7,6,3,6,3,4,3,4,1,4,6,5,6,1,4,5,5,6,1,5,1,6,4,7,4,5,5,1,2,1,34,1,4,11,1
100,1,1,5,2,6,7,6,6,7,3,6,7,1,2,5,7,3,6,7,7,7,7,7,7,7,7,7,5,7,7,6,6,5,7,4,5,3,7,7,6,1,34,3,3,6,1
101,1,1,5,2,6,3,3,7,1,1,1,1,1,7,7,7,6,6,4,5,2,4,4,3,3,3,5,7,3,3,4,2,4,5,4,2,1,5,1,5,1,42,1,5,5,2
102,1,1,5,2,6,5,7,7,1,2,6,6,4,3,1,1,1,2,5,7,6,4,7,7,4,4,5,5,2,6,1,1,3,4,6,4,2,1,1,7,1,33,2,4,12,7
103,1,1,5,2,6,6,3,7,5,1,1,2,1,5,3,3,4,3,6,7,7,4,7,4,6,6,7,5,7,4,4,6,5,4,5,2,5,6,6,7,1,47,1,3,2,3
104,1,1,5,2,6,7,3,6,4,5,2,4,3,7,7,4,7,7,1,2,1,1,1,2,1,1,2,1,2,3,2,2,1,1,1,1,4,5,1,3,1,30,2,5,12,7
105,1,1,5,2,6,6,6,7,5,7,6,4,7,7,7,7,7,6,5,6,5,7,7,2,6,4,4,6,4,6,3,7,5,5,6,4,7,5,4,1,1,34,1,4,6,4
106,1,1,5,2,6,6,6,7,6,3,1,3,4,6,6,5,2,7,3,2,3,1,5,5,5,2,4,2,5,3,2,6,4,2,2,4,2,6,3,5,1,35,3,2,9,2
107,1,1,5,2,6,7,7,6,1,1,1,2,2,6,2,1,1,5,3,1,1,3,1,2,1,1,1,4,7,6,2,1,1,4,1,2,4,5,5,5,1,39,3,6,1,3
108,1,1,5,2,6,4,4,7,2,4,2,7,2,1,4,2,3,3,7,3,4,4,2,6,2,3,3,5,6,7,5,6,6,4,3,3,5,2,3,5,1,38,1,3,9,3
109,1,1,5,2,6,6,4,7,7,6,5,5,7,1,2,1,2,2,2,6,2,5,5,4,3,3,3,2,6,6,1,5,2,3,1,4,4,2,4,5,1,29,3,6,5,1
110,1,1,5,2,6,7,4,4,1,2,2,2,1,4,3,7,5,3,1,1,1,1,1,3,1,1,3,2,1,1,2,1,1,1,2,3,3,1,2,6,1,31,3,4,10,1
111,1,1,5,2,6,6,6,6,2,3,2,1,1,6,2,2,1,1,1,2,1,1,1,1,2,2,1,2,2,2,2,3,2,3,1,2,2,1,2,4,1,36,3,5,3,6
112,1,1,5,2,6,7,5,6,6,3,4,3,7,5,6,6,6,7,7,7,2,6,5,6,6,6,7,6,3,2,5,5,3,4,4,5,1,3,5,5,1,38,1,1,2,1
113,1,1,5,2,6,7,7,1,2,3,1,1,6,2,1,2,1,2,2,3,1,1,3,5,4,3,6,2,4,6,2,1,3,4,4,1,6,3,4,2,1,44,1,2,4,7
114,1,1,5,2,6,4,7,6,1,3,5,1,2,1,1,1,1,1,5,4,4,3,3,7,3,2,2,5,3,7,6,5,5,4,2,2,3,5,5,6,1,33,4,1,3,1
115,1,1,5,2,6,7,5,7,3,4,7,2,6,5,1,4,4,1,4,4,5,6,3,3,6,4,5,5,3,3,4,2,1,5,4,5,1,1,1,3,1,32,3,1,12,1
116,1,1,5,2,6,2,6,7,4,1,2,1,2,5,6,7,5,3,3,7,6,4,5,5,5,4,5,6,5,3,6,4,6,3,6,3,2,2,3,5,1,30,1,1,11,7
117,1,1,5,2,6,6,7,6,3,1,1,2,4,5,4,5,2,2,3,1,3,1,2,2,4,1,5,4,1,1,2,1,2,1,3,1,1,7,7,2,1,30,2,2,9,6
118,1,1,5,2,6,3,6,6,1,6,6,3,5,3,6,7,4,7,4,4,5,2,5,4,4,4,3,3,3,1,1,1,2,3,1,1,6,3,2,4,1,44,1,4,5,1
119,1,1,5,2,6,3,6,7,3,2,7,5,5,7,7,7,7,5,6,5,2,3,3,2,3,3,6,3,2,2,3,3,3,3,6,6,7,4,4,6,1,38,2,3,9,3
120,1,1,5,2,6,5,7,7,7,6,6,5,6,6,7,7,7,7,7,6,7,4,7,5,6,7,6,4,7,6,5,5,7,7,7,7,3,5,2,6,1,36,4,1,11,2
121,1,1,5,2,6,7,6,4,4,1,4,3,1,2,5,2,2,4,1,1,2,2,2,4,2,1,3,3,5,7,2,4,2,1,1,1,6,6,4,5,1,38,3,4,2,7
122,1,1,5,2,6,6,6,7,5,4,3,2,5,6,3,2,4,4,4,3,2,5,4,4,3,3,1,1,4,4,5,4,1,2,4,4,6,3,6,4,1,31,3,7,7,3
123,1,1,5,2,6,7,5,6,1,2,3,4,3,5,7,3,6,7,7,7,7,7,7,4,7,7,7,3,2,2,3,1,7,5,7,6,7,7,7,4,1,32,4,1,13,1
124,1,1,5,2,6,5,7,6,2,6,6,6,7,6,3,2,2,4,7,6,4,6,5,5,7,7,2,4,7,7,5,6,7,3,6,7,7,7,7,7,1,40,2,3,10,5
125,1,1,5,2,6,7,6,7,2,3,6,2,5,3,3,4,6,1,2,5,7,4,3,4,4,5,3,6,3,6,2,2,4,1,1,4,7,4,7,2,1,35,4,3,10,6
126,1,1,5,2,6,5,6,7,7,7,5,7,4,4,5,7,4,6,4,6,4,5,3,3,1,5,5,2,5,4,6,5,7,7,7,7,4,5,4,7,1,28,4,1,10,1
127,1,1,5,2,6,7,7,7,5,4,4,6,7,2,2,2,4,1,2,3,4,4,4,5,4,4,5,5,5,3,2,2,4,2,3,4,4,3,1,5,1,37,1,3,6,7
128,1,1,5,2,6,6,5,6,2,4,1,1,1,2,1,3,2,1,1,1,3,2,1,1,2,2,1,1,1,1,1,1,3,2,1,1,2,1,5,4,1,18,4,6,2,4
129,1,1,5,2,6,6,5,7,7,5,6,7,3,6,4,3,5,5,6,6,4,7,7,7,7,7,4,7,7,3,7,4,5,7,7,5,5,6,7,7,1,27,1,4,10,2
130,1,1,5,2,6,6,7,7,7,5,5,5,6,7,6,7,6,7,6,7,5,5,6,5,2,3,5,7,7,5,5,4,7,5,6,5,5,6,5,6,1,46,2,4,4,1
131,1,1,5,2,6,7,7,5,7,5,4,4,6,5,6,6,7,4,6,5,7,6,4,6,7,6,4,5,7,5,4,4,6,7,6,5,2,1,4,7,1,47,3,2,2,7
132,1,1,5,2,6,7,2,5,6,6,4,7,6,4,4,7,2,2,1,2,1,1,3,6,1,6,2,1,5,5,5,3,2,1,4,1,5,5,3,6,1,48,1,3,11,7
133,1,1,5,2,6,6,6,5,6,1,7,7,4,7,2,7,7,7,7,7,7,7,7,5,6,6,7,6,6,3,7,6,6,7,5,7,6,6,7,6,1,36,3,7,5,7
134,1,1,5,2,6,7,7,6,1,2,3,6,4,4,4,4,3,5,6,2,3,1,3,5,3,5,5,6,1,1,1,1,5,2,5,1,3,5,4,2,1,49,3,2,9,2
135,1,1,5,2,6,7,7,6,1,1,1,1,1,1,1,1,1,1,1,2,1,2,1,1,3,1,1,2,2,1,1,2,1,1,1,1,2,1,5,2,1,46,3,3,10,4
136,1,1,5,2,6,7,6,5,5,2,1,5,5,7,7,7,4,7,7,5,3,4,5,2,6,3,3,4,4,3,1,1,7,5,5,4,6,6,7,5,1,51,1,1,9,6
137,1,1,5,2,6,5,7,3,7,6,5,6,7,7,5,7,5,7,5,6,3,2,5,5,5,7,7,4,4,3,2,7,2,7,6,3,4,4,2,7,1,40,4,2,3,7
138,1,1,5,2,6,6,7,4,6,7,5,3,7,1,1,1,1,1,1,3,3,4,5,1,1,2,1,2,3,7,7,3,1,1,2,2,4,4,4,4,1,40,2,6,6,5
139,1,1,5,2,6,7,7,7,3,3,4,7,3,1,6,2,5,5,6,5,7,5,6,5,6,6,4,7,4,4,6,6,3,5,6,3,7,6,7,5,1,33,3,4,13,5
140,1,1,5,2,6,1,6,4,1,1,3,1,4,3,3,1,3,2,2,3,1,4,1,2,2,1,1,2,2,2,1,4,1,1,1,1,4,3,3,4,1,30,3,5,1,5
141,1,1,5,2,6,7,7,3,3,2,6,4,5,3,2,5,1,5,1,2,1,1,3,5,2,2,2,1,6,2,6,5,6,4,5,6,3,3,2,1,1,38,1,1,5,7
142,1,1,5,2,6,6,6,7,3,3,4,3,2,1,3,4,2,1,2,2,2,1,1,1,1,1,1,1,7,3,4,4,1,1,1,1,1,1,1,1,1,38,2,2,11,3
143,1,1,5,2,6,1,7,6,5,6,6,6,4,4,4,4,3,1,7,7,4,7,7,7,7,3,6,3,6,6,4,5,7,5,7,7,7,7,7,5,1,49,1,5,5,7
144,1,1,5,2,6,6,2,6,7,6,4,5,7,6,4,4,6,6,4,7,7,7,7,7,7,7,6,7,6,1,6,2,7,3,6,7,1,3,4,7,1,38,2,2,5,1
145,1,1,5,2,6,2,6,7,7,7,7,5,7,5,2,1,1,1,1,1,2,2,1,1,1,1,2,1,6,5,6,5,1,5,1,1,4,6,6,4,1,44,1,4,6,6
146,1,1,5,2,6,1,7,4,4,3,1,3,1,2,1,2,5,4,4,1,2,3,3,2,1,4,3,4,2,2,2,6,1,2,1,3,1,1,1,3,1,37,2,6,2,2
147,1,1,5,2,6,6,6,7,1,5,6,3,4,5,6,3,4,3,4,3,2,2,3,6,3,5,3,3,6,6,3,4,2,5,6,7,5,2,6,2,1,45,3,3,1,2
148,1,1,5,2,6,2,7,7,4,3,2,2,3,5,3,6,2,4,5,7,4,3,3,6,4,7,4,6,2,3,2,4,4,4,3,2,4,1,3,4,1,46,2,1,1,5
149,1,1,5,2,6,5,7,6,5,3,6,1,1,3,5,3,6,2,2,2,5,4,5,1,2,1,1,3,6,4,6,6,1,3,6,4,2,6,5,5,1,41,4,1,4,1
150,1,1,5,2,6,5,7,7,2,5,5,3,3,5,3,1,1,2,6,6,6,6,6,4,3,7,6,5,3,7,5,5,7,5,6,6,4,6,7,4,1,46,4,2,6,4
151,1,1,5,2,6,7,6,2,2,1,3,4,5,3,7,5,6,4,2,5,1,2,2,4,2,1,1,2,3,1,4,2,5,6,4,3,2,2,5,7,1,40,3,5,12,6
152,1,1,5,2,6,7,7,7,2,2,3,4,2,3,3,3,4,1,7,6,6,4,5,7,7,5,6,6,7,6,5,6,6,4,7,4,1,1,2,4,1,49,3,5,4,3
153,1,1,5,2,6,6,7,7,4,5,5,1,5,6,4,5,6,5,1,1,3,5,1,5,4,3,4,1,4,4,5,7,4,5,4,3,5,1,4,6,1,54,1,6,13,4
154,1,1,5,2,6,4,7,7,3,6,3,4,3,3,2,1,5,5,1,1,1,1,2,3,3,1,1,1,6,2,4,5,3,1,3,2,2,3,4,1,1,43,2,6,4,4
155,1,1,5,2,6,5,7,4,6,6,6,7,6,7,7,4,7,6,6,6,2,6,2,7,5,3,5,7,7,6,4,7,7,7,6,7,7,7,7,2,1,40,2,2,13,2
156,1,1,5,2,6,5,4,5,6,5,4,4,3,5,4,4,4,6,3,3,6,7,6,7,7,7,5,2,1,1,2,3,6,3,2,3,2,1,5,7,1,36,3,3,1,3
157,1,1,5,2,6,6,7,6,6,7,3,4,6,5,7,7,3,7,4,6,6,5,5,3,6,3,6,1,6,4,4,7,5,4,6,5,5,7,7,4,1,25,3,7,10,4
158,1,1,5,2,6,6,5,2,2,1,2,2,2,1,4,2,1,1,1,2,1,1,1,1,1,2,1,3,3,2,1,3,1,3,1,2,1,1,1,6,1,37,2,2,13,3
159,1,1,5,2,6,7,5,7,3,4,6,4,1,1,2,4,5,3,1,1,4,2,2,1,1,2,1,2,4,4,5,6,6,4,4,3,4,6,3,5,1,41,2,1,12,8
160,1,1,5,2,6,1,3,6,6,7,1,6,2,2,1,3,4,2,6,4,4,4,5,2,4,1,3,2,5,7,4,6,3,2,3,1,6,4,5,6,1,42,2,3,4,1
161,1,1,5,2,6,7,7,6,3,1,1,2,4,2,1,2,2,2,1,2,1,3,2,1,1,2,2,1,7,5,7,6,2,4,6,6,5,7,1,7,1,43,1,5,5,4
162,1,1,5,2,6,7,7,4,2,1,4,1,1,4,3,1,2,1,3,2,1,4,1,1,3,1,3,5,7,6,6,7,2,2,1,1,3,2,3,4,1,34,2,5,4,7
163,1,1,5,2,6,7,5,7,7,6,6,7,7,6,3,2,5,2,2,4,5,1,4,1,3,2,7,1,3,7,6,7,2,2,6,2,7,5,7,5,1,36,4,6,11,6
164,1,1,5,2,6,7,7,6,7,4,6,7,7,6,5,4,5,5,7,3,4,6,6,6,6,4,7,6,5,6,6,3,6,6,7,5,7,7,4,6,1,38,1,6,9,3
165,1,1,5,2,6,1,6,6,4,6,7,6,3,6,6,4,6,2,5,5,7,4,7,7,7,7,7,6,4,1,3,3,6,2,5,5,4,5,7,5,1,24,2,1,8,5
166,1,1,5,2,6,7,6,4,6,7,4,6,7,5,4,4,5,6,2,4,4,7,4,2,2,3,6,4,3,6,3,5,6,6,4,2,7,7,6,1,1,49,2,1,4,5
167,1,1,5,2,6,7,7,7,5,5,3,6,3,5,5,1,4,6,7,7,7,3,7,7,7,7,6,7,2,6,4,7,7,4,3,3,3,6,6,4,1,42,1,6,7,1
168,1,1,5,2,6,6,7,6,6,7,7,6,7,7,7,7,7,7,2,6,6,6,6,7,7,6,5,5,7,7,6,7,7,7,7,7,5,2,6,4,1,42,1,2,11,2
169,1,1,5,2,6,6,6,7,6,3,7,7,5,4,2,1,2,4,6,7,5,7,7,4,6,5,7,2,1,2,1,1,3,3,1,1,1,1,1,4,1,25,2,4,11,6
170,1,1,5,2,6,6,7,6,3,4,1,5,5,6,4,5,6,3,3,2,2,3,4,7,6,2,4,2,6,7,5,7,7,7,7,6,5,2,5,7,1,38,2,6,3,2
171,1,1,5,2,6,7,6,7,2,4,4,1,3,4,2,5,3,4,7,4,7,7,6,7,7,5,5,5,5,3,2,5,6,4,7,7,4,5,5,6,1,49,2,5,6,6
172,1,1,5,2,6,5,1,5,1,2,2,3,2,2,4,3,2,2,1,1,3,1,3,1,1,1,2,1,1,2,4,5,1,2,2,3,1,6,6,6,1,54,1,3,11,7
173,1,1,5,2,6,7,6,5,6,5,4,2,7,3,7,4,4,7,1,5,6,6,7,7,5,5,7,6,7,7,6,6,6,5,6,7,6,7,5,1,1,47,1,6,8,1
174,1,1,5,2,6,6,7,4,3,7,5,3,3,7,5,4,5,3,7,5,7,5,7,7,7,5,6,7,4,6,4,5,5,7,7,6,5,1,6,7,1,18,2,6,1,3
175,1,1,5,2,6,5,5,7,7,2,6,1,3,5,3,6,7,5,6,3,6,2,4,5,5,3,6,3,4,2,4,4,5,5,3,2,4,5,2,6,1,47,2,3,8,1
176,1,1,5,2,6,5,6,7,6,5,5,6,1,2,4,5,6,6,5,5,5,2,4,3,6,5,3,5,5,3,6,2,1,2,3,2,5,5,3,7,1,37,2,5,2,1
177,1,1,5,2,6,5,6,7,2,2,4,2,2,6,2,2,2,4,5,4,6,6,4,6,4,4,5,3,4,1,6,2,7,6,5,7,7,7,5,4,1,41,4,7,7,4
178,1,1,5,2,6,2,4,7,5,7,6,6,7,4,4,5,4,2,7,3,3,2,1,7,3,3,6,3,4,7,5,3,7,7,7,5,7,7,7,5,1,40,1,5,4,4
179,1,1,5,2,6,7,7,5,3,5,4,6,3,6,5,5,6,3,7,3,6,4,5,5,7,4,4,6,5,5,3,4,7,7,7,7,6,6,7,7,1,21,4,2,12,5
180,1,1,5,2,6,3,5,7,5,4,7,3,5,3,3,2,7,2,5,1,4,3,3,2,1,2,4,3,4,2,4,5,3,3,4,5,6,3,7,3,1,41,1,3,1,5
181,1,1,5,2,6,7,7,2,1,3,2,5,2,2,6,7,7,7,5,7,1,7,4,5,7,5,3,5,3,3,6,4,2,1,2,3,4,5,2,7,1,29,3,1,3,5
182,1,1,5,2,6,2,7,6,5,3,5,4,4,4,6,3,5,6,6,4,4,6,7,3,6,1,3,4,6,5,3,2,1,3,1,1,4,4,5,6,1,42,1,2,1,1
183,1,1,5,2,6,7,7,7,7,7,7,3,5,6,6,5,3,5,4,5,6,5,6,6,5,6,4,5,1,3,2,5,6,7,7,6,7,7,6,5,1,36,1,6,7,6
184,1,1,5,2,6,7,7,6,1,2,1,3,1,7,6,7,4,5,7,5,6,7,6,7,6,6,7,6,4,5,5,6,3,5,7,6,7,7,3,5,1,41,3,2,7,6
185,1,1,5,2,6,6,6,6,1,3,4,4,5,6,5,6,7,5,3,4,1,2,5,2,4,3,3,5,3,4,2,6,6,7,7,6,6,7,6,7,1,36,2,1,11,5
186,1,1,5,2,6,6,6,7,1,1,1,2,1,3,2,2,1,2,1,2,3,3,1,1,1,2,2,1,2,3,6,5,2,1,1,2,5,3,4,7,1,48,3,5,11,6
187,1,1,5,2,6,5,3,5,3,2,3,1,5,1,1,1,3,4,3,1,1,1,1,1,1,1,2,1,5,1,4,2,2,1,1,1,3,1,1,7,1,31,2,5,3,1
188,1,1,5,2,6,7,4,7,5,6,3,4,4,3,4,6,7,7,7,2,4,6,6,3,4,2,3,6,2,4,3,4,6,7,7,4,6,4,1,3,1,47,2,3,3,6
189,1,1,5,2,6,5,6,7,2,6,5,4,2,6,7,7,6,6,1,2,1,3,2,4,2,1,5,2,5,5,1,2,5,7,5,5,4,4,3,4,1,33,2,6,7,4
190,1,1,5,2,6,3,6,6,3,2,7,7,6,7,7,6,7,6,7,7,5,6,6,7,6,7,4,7,7,7,6,6,7,7,6,7,7,7,7,7,1,53,4,4,2,1
191,1,1,5,2,6,6,6,7,7,6,4,7,7,7,7,7,7,7,7,7,7,7,7,7,7,7,7,7,5,6,6,7,5,6,7,7,7,7,7,6,1,50,3,2,6,2
192,1,1,5,2,6,7,7,7,5,2,7,6,6,5,6,2,4,2,5,2,3,1,6,1,1,5,3,2,6,2,6,5,6,4,3,3,3,3,4,7,1,36,1,2,11,2
193,1,1,5,2,6,6,6,6,7,5,6,7,2,7,1,7,3,7,5,6,2,2,4,5,5,3,3,4,7,7,6,5,6,6,6,4,4,5,3,7,1,29,2,6,8,4
194,1,1,5,2,6,7,6,6,6,5,5,3,6,7,4,7,7,7,5,4,7,7,5,6,7,6,4,7,5,7,2,4,2,2,5,2,1,1,1,5,1,41,3,5,2,4
195,1,1,5,2,6,4,6,7,4,1,1,1,1,3,1,1,2,1,2,1,1,1,1,1,1,1,1,1,5,5,4,3,1,1,2,1,6,3,1,1,1,40,3,4,5,3
196,1,1,5,2,6,7,7,6,6,5,5,6,6,6,5,3,3,1,2,6,3,7,6,1,3,4,5,2,2,7,4,3,6,7,7,6,6,6,7,6,1,36,4,4,5,2
197,1,1,5,2,6,5,7,6,3,6,5,7,6,5,4,3,2,2,4,1,3,5,2,1,5,3,2,5,1,3,6,2,2,4,2,2,1,1,2,7,1,41,2,3,2,5
198,1,1,5,2,6,5,5,6,6,7,3,4,7,7,6,5,4,6,7,5,6,7,6,7,2,7,7,2,7,7,5,7,7,7,7,7,7,6,6,6,1,35,1,1,10,1
199,1,1,5,2,6,6,5,6,6,7,7,4,4,3,7,5,4,5,4,1,4,3,2,3,4,4,2,5,7,7,7,6,6,5,7,7,4,4,6,7,1,44,2,1,9,4
200,1,1,5,2,6,6,5,6,4,2,3,3,6,6,2,5,3,6,5,4,2,5,3,2,3,3,5,3,1,3,3,4,2,3,3,2,1,2,4,5,1,23,2,6,9,6
201,1,1,5,2,6,6,6,6,3,4,6,6,3,4,2,4,4,3,4,3,3,6,4,2,5,2,4,6,1,1,3,3,5,5,5,4,5,4,3,1,1,41,2,4,4,4
202,1,1,5,2,6,7,4,6,4,6,4,3,6,6,4,6,6,3,6,5,2,5,7,2,6,2,6,3,6,6,7,7,5,6,2,5,3,6,7,2,1,31,3,3,8,5
203,1,1,5,2,6,7,7,7,1,1,1,1,1,4,1,4,3,4,3,2,4,1,6,5,1,1,4,1,4,2,3,2,2,2,1,1,1,2,2,6,1,29,1,4,3,5
204,1,1,5,2,6,3,7,2,3,2,5,4,5,2,5,4,3,3,7,7,4,6,3,3,4,7,1,7,4,4,1,2,6,6,4,4,7,7,7,5,1,32,1,1,7,4
205,1,1,5,2,6,6,5,7,2,3,2,2,2,5,5,3,3,3,1,3,7,3,2,3,7,5,5,2,1,2,1,1,4,4,4,1,4,6,7,6,1,30,2,4,1,1
206,1,1,5,2,6,5,5,7,1,1,7,2,1,1,2,1,2,1,3,4,4,3,1,1,4,5,3,4,1,1,2,4,2,3,3,3,4,5,5,6,1,23,2,5,1,6
207,1,1,5,2,6,5,3,6,2,5,5,2,4,6,5,4,4,6,2,4,1,4,6,4,4,5,5,4,4,2,3,3,4,2,3,4,4,3,5,4,1,25,3,7,8,4
208,1,1,5,2,6,6,6,1,1,1,1,2,2,1,1,2,1,2,2,4,2,2,5,1,1,1,2,1,3,5,1,3,1,1,1,1,4,1,2,6,1,48,4,5,11,2
209,1,1,5,2,6,3,7,5,7,5,3,7,7,6,5,6,6,7,4,5,6,6,6,5,5,4,5,4,6,7,7,5,6,7,3,7,5,3,6,5,1,38,3,6,1,5
210,1,1,5,2,6,6,7,6,4,3,5,6,6,1,1,3,5,4,1,3,4,7,1,3,5,3,4,6,1,2,1,1,1,1,2,1,2,4,1,6,1,44,3,5,9,3
211,1,1,5,2,6,6,5,7,3,2,4,1,2,4,6,7,5,4,1,1,5,1,3,5,1,1,2,2,1,1,1,1,6,3,3,1,4,4,5,6,1,33,2,2,6,1
212,1,1,5,2,6,5,7,5,3,2,2,1,1,2,2,1,2,5,6,5,2,5,7,4,4,7,4,4,4,3,3,3,3,2,2,2,1,3,3,7,1,53,2,3,1,2
213,1,1,5,2,6,6,7,6,7,7,7,6,4,7,7,7,7,7,7,6,7,5,7,7,7,6,7,6,6,7,7,7,6,6,7,5,3,7,4,3,1,41,3,6,4,3
214,1,1,5,2,6,6,6,5,4,2,1,2,5,5,6,3,6,5,6,2,3,2,4,2,1,2,2,2,2,2,2,4,1,2,2,3,1,1,1,2,1,42,4,6,5,5
215,1,1,5,2,6,7,7,6,7,4,5,6,7,6,6,3,4,5,4,3,3,6,7,5,7,7,2,3,7,4,5,7,5,3,4,5,1,5,1,7,1,43,3,5,4,3
216,1,1,5,2,6,6,7,7,2,3,7,3,3,1,1,7,1,2,1,2,1,3,1,1,1,3,2,1,4,2,5,7,5,2,2,3,2,2,1,2,1,35,3,3,5,2
217,1,1,5,2,6,6,5,6,1,5,2,2,6,2,5,2,7,2,4,2,4,3,6,1,2,3,6,2,4,5,5,5,6,3,2,5,3,5,7,6,1,45,3,1,4,4
218,1,1,5,2,6,3,7,4,6,3,4,5,3,5,3,4,3,5,6,6,2,1,1,6,3,2,1,3,6,5,5,7,6,3,7,6,7,7,6,3,1,24,3,6,10,1
219,1,1,5,2,6,3,4,6,3,4,2,5,7,5,3,2,7,5,5,5,6,7,5,3,3,3,6,6,5,7,5,6,4,6,6,6,6,6,5,7,1,37,3,3,5,1
220,1,1,5,2,6,7,7,7,5,7,7,5,5,3,6,3,5,3,2,3,1,3,6,2,5,1,3,3,3,3,3,6,1,1,2,2,1,1,3,6,1,45,1,1,5,1
221,1,1,5,2,6,7,6,6,3,3,1,3,5,6,3,6,7,6,4,6,2,4,6,2,3,4,2,1,4,1,6,2,3,2,3,3,2,4,5,6,1,41,1,2,12,3
222,1,1,5,2,6,6,5,5,6,2,4,3,6,3,4,1,3,4,1,1,3,5,2,5,1,1,4,1,2,2,1,2,2,2,1,1,1,3,2,5,1,31,3,4,2,4
223,1,1,5,2,6,5,4,7,6,6,6,6,7,7,7,7,7,7,3,5,4,4,2,6,7,6,5,2,7,6,5,5,7,7,7,7,7,7,7,5,1,61,3,4,2,4
224,1,1,5,2,6,7,5,5,6,4,7,4,3,1,6,5,2,2,7,4,6,7,4,5,3,6,7,7,3,1,3,2,5,5,5,3,6,7,7,6,1,32,3,5,10,4
225,1,1,5,2,6,6,7,6,3,2,3,4,2,7,4,6,7,5,6,2,4,6,4,4,3,5,5,3,7,7,7,7,4,6,7,2,3,7,7,6,1,40,3,1,12,5
226,1,1,5,2,6,7,6,7,1,1,1,1,1,5,5,2,4,4,2,4,4,5,5,1,2,2,2,1,4,3,1,5,6,6,6,6,4,2,2,5,1,32,3,7,5,7
227,1,1,5,2,6,6,5,7,6,5,4,2,7,3,5,1,5,6,3,2,5,2,3,2,2,4,4,2,5,6,5,5,5,5,6,6,6,4,6,1,1,45,4,2,5,4
228,1,1,5,2,6,6,7,5,2,5,2,7,6,1,4,4,2,4,3,6,5,6,5,4,6,5,6,7,5,3,4,1,7,5,6,2,6,7,6,2,1,41,2,5,3,6
229,1,1,5,2,6,7,3,3,4,2,3,4,4,3,4,7,7,2,4,6,2,1,2,1,3,1,1,4,3,3,3,1,3,5,6,4,6,7,4,7,1,44,1,7,5,1
230,1,1,5,2,6,5,6,3,7,7,7,7,7,7,7,7,7,6,6,7,6,4,7,6,4,7,6,5,5,4,7,4,7,7,5,6,5,3,5,4,1,44,2,2,3,7
231,1,1,5,2,6,7,2,6,2,2,1,4,3,6,7,2,3,6,4,4,6,4,4,4,6,3,4,1,3,1,1,1,6,6,7,7,7,7,7,4,1,47,1,4,2,2
232,1,1,5,2,6,7,7,2,3,5,3,3,2,1,4,4,3,2,2,2,5,3,4,4,3,7,4,3,2,1,1,1,4,5,3,6,1,2,2,5,1,38,2,2,1,2
233,1,1,5,2,6,6,6,7,6,4,3,2,4,6,4,5,3,4,4,1,1,2,5,3,2,1,6,5,5,5,4,6,3,5,4,2,3,4,7,6,1,40,2,5,10,1
234,1,1,5,2,6,6,5,6,4,2,4,6,4,4,3,7,6,4,5,2,5,1,3,5,3,2,1,3,4,2,5,6,4,3,6,5,3,3,6,3,1,36,2,1,3,2
235,1,1,5,2,6,6,6,4,1,5,1,2,2,1,1,4,2,1,1,1,3,1,3,1,5,3,4,5,2,1,1,1,4,4,2,3,2,4,6,2,1,54,1,5,6,7
236,1,1,5,2,6,7,5,5,2,6,4,5,5,2,1,5,2,3,2,3,1,1,1,4,2,2,2,1,3,4,7,7,3,4,4,5,7,5,6,4,1,40,2,2,12,1
237,1,1,5,2,6,7,7,5,6,1,1,5,2,7,5,7,6,4,6,4,6,6,6,6,5,6,5,6,5,6,5,6,7,7,7,7,6,7,7,5,1,39,3,2,7,5
238,1,1,5,2,6,7,7,7,3,6,3,3,4,2,6,6,6,6,4,4,3,7,4,7,5,7,5,7,3,4,2,2,2,3,3,4,5,2,3,3,1,37,1,2,13,2
239,1,1,5,2,6,1,7,5,3,2,2,3,3,1,3,3,1,1,3,2,6,7,2,4,5,4,1,6,3,3,2,1,5,1,2,3,5,5,3,4,1,36,2,5,7,4
240,1,1,5,2,6,5,7,6,5,5,2,4,4,2,3,6,4,5,7,7,7,7,7,7,6,7,7,5,6,5,2,4,4,2,4,7,3,5,6,4,1,37,2,6,4,3
241,1,1,5,2,6,7,7,6,7,7,6,7,5,5,3,5,6,6,6,5,7,6,3,5,6,4,7,7,1,6,1,4,2,3,3,5,4,4,6,7,1,31,1,4,1,3
242,1,1,5,2,6,2,7,7,1,4,1,1,1,3,1,3,1,1,4,1,2,1,3,2,1,3,1,4,2,1,1,1,3,2,1,2,3,1,2,7,1,47,1,7,10,1
243,1,1,5,2,6,5,3,7,3,3,1,5,2,3,2,2,2,7,2,4,1,6,3,2,4,5,3,3,1,2,1,1,1,2,1,1,3,1,1,3,1,48,3,4,1,3
244,1,1,5,2,6,2,7,1,2,2,3,3,4,2,3,1,3,3,2,3,3,2,3,3,6,2,2,2,3,1,4,5,1,1,1,1,6,3,2,5,1,28,2,6,12,5
245,1,1,5,2,6,6,5,4,1,1,1,1,4,1,2,3,2,1,2,2,3,2,5,4,2,3,2,2,2,1,2,3,1,1,3,4,5,4,3,7,1,50,3,2,12,1
246,1,1,5,2,6,6,5,3,1,2,4,6,3,6,7,7,5,7,1,1,1,5,5,1,1,1,4,1,6,4,7,3,3,1,2,4,2,1,3,2,1,51,4,2,1,8
247,1,1,5,2,6,7,7,7,4,6,5,7,3,4,7,6,4,7,3,6,5,3,7,7,4,2,3,1,6,4,7,5,7,7,7,7,7,7,7,6,1,45,2,2,2,1
248,1,1,5,2,6,6,6,6,7,7,7,5,7,4,4,6,4,1,5,4,6,5,5,2,6,6,5,4,4,6,5,3,5,6,4,5,6,2,6,5,1,41,2,3,2,3
249,1,1,5,2,6,3,6,7,6,7,7,7,7,7,7,7,7,7,5,6,4,5,4,5,2,4,7,5,7,6,4,5,7,6,7,5,5,6,6,1,1,46,2,3,6,4
250,1,1,5,2,6,5,6,7,7,7,7,5,7,6,6,5,6,4,6,7,7,7,4,4,6,7,6,4,3,2,4,5,3,3,7,5,2,3,5,3,1,51,1,5,11,4
251,1,1,5,2,6,2,6,5,2,2,4,5,5,4,1,2,1,3,6,4,2,3,6,6,7,7,3,7,2,4,4,4,4,5,7,4,3,4,7,5,1,35,1,6,9,5
252,1,1,5,2,6,5,3,6,3,2,1,2,1,5,2,6,2,1,7,6,4,3,6,4,5,4,4,7,1,1,2,6,6,1,3,6,6,2,2,7,1,30,2,3,6,2
253,1,1,5,2,6,5,6,7,1,3,2,2,2,1,6,1,4,1,1,1,1,4,1,1,1,1,1,1,1,3,3,2,4,1,4,3,1,1,1,4,1,36,4,4,4,1
254,1,1,5,2,6,7,5,4,3,1,2,1,2,2,1,1,2,2,5,4,7,6,4,5,4,4,2,4,3,1,3,1,2,5,4,5,1,1,2,4,1,34,2,3,10,2
255,1,1,5,2,6,7,4,4,4,2,4,4,5,6,3,3,7,5,2,2,6,3,4,2,3,2,1,3,1,5,4,5,2,1,2,2,2,1,1,7,1,40,2,2,6,6
256,1,1,5,2,6,7,6,6,4,5,3,5,5,1,3,2,2,2,4,4,6,5,7,6,7,3,3,5,4,3,1,6,1,4,1,2,5,1,2,4,1,54,1,2,9,5
257,1,1,5,2,6,7,1,7,7,6,7,7,6,7,7,6,7,6,3,2,7,7,6,6,4,5,7,6,7,7,7,7,7,6,7,4,7,7,5,4,1,39,4,5,2,2
258,1,1,5,2,6,3,2,6,3,7,7,6,5,6,7,7,5,6,5,2,2,4,2,2,3,1,3,4,1,1,4,1,5,3,3,3,5,6,5,4,1,46,2,1,5,6
259,1,1,5,2,6,6,7,4,1,1,1,1,1,1,1,1,2,1,2,5,7,5,5,5,5,3,5,5,3,4,3,1,1,1,1,2,4,2,7,3,1,25,1,1,4,6
260,1,1,5,2,6,6,5,7,7,7,7,7,7,6,1,6,6,5,5,5,3,6,6,6,5,4,1,3,6,7,7,7,5,4,6,7,6,5,2,3,1,39,2,1,11,1
261,1,1,5,2,6,7,7,3,5,2,4,2,2,3,4,4,1,6,2,3,6,3,2,4,3,4,1,3,3,1,4,1,2,3,4,4,1,2,1,6,1,47,4,3,5,4
262,1,1,5,2,6,7,6,6,1,1,1,1,1,4,1,1,4,1,1,1,3,4,3,2,5,6,6,6,1,1,1,1,1,1,1,3,2,4,2,7,1,43,1,4,1,3
263,1,1,5,2,6,7,2,6,7,7,6,6,7,7,6,6,6,6,5,2,2,4,3,7,2,4,2,7,7,6,6,7,7,7,7,7,7,6,3,7,1,36,2,5,3,7
264,1,1,5,2,6,6,2,3,2,5,1,2,5,4,4,2,5,3,4,5,1,4,2,2,2,4,4,1,4,2,2,1,2,2,4,6,7,1,1,3,1,30,2,2,11,4
265,1,1,5,2,6,6,1,6,2,1,1,1,1,4,2,4,2,5,3,4,2,1,1,4,2,3,3,1,5,2,2,2,4,4,4,5,4,2,4,1,1,48,1,1,7,2
266,1,1,5,2,6,7,6,5,2,6,4,6,6,5,4,2,6,6,1,1,1,1,1,1,1,1,1,3,6,6,1,4,1,4,2,3,2,3,1,7,1,34,1,2,13,1
267,1,1,5,2,6,3,6,2,4,3,1,6,2,4,5,6,3,5,4,5,1,4,1,2,2,4,4,3,3,3,2,2,4,4,4,3,5,4,7,5,1,43,3,5,10,7
268,1,1,5,2,6,4,7,7,2,3,1,1,1,5,1,2,3,1,2,1,3,5,1,3,3,2,2,1,3,4,1,3,2,1,2,4,5,1,1,6,1,36,2,5,7,3
269,1,1,5,2,6,6,2,5,2,1,1,2,4,2,4,2,2,2,3,3,5,6,4,6,4,5,2,4,3,1,4,1,2,2,1,2,5,2,6,1,1,53,3,6,7,7
270,1,1,5,2,6,7,5,6,7,4,3,6,7,4,6,6,2,5,6,7,5,5,6,4,6,6,4,6,4,5,7,6,7,6,5,7,7,6,6,4,1,37,3,3,11,2
271,1,1,5,2,6,7,6,7,2,5,5,7,5,6,4,6,2,4,2,1,2,4,3,3,3,6,5,3,2,4,1,1,4,2,2,3,6,7,4,5,1,42,2,4,11,3
272,1,1,5,2,6,6,7,6,1,2,5,2,1,4,2,5,1,5,2,2,2,6,5,4,1,6,3,5,3,2,3,1,6,7,6,7,3,3,2,5,1,47,4,5,10,2
273,1,1,5,2,6,6,4,6,1,6,6,4,7,5,7,7,7,4,7,6,7,7,7,5,6,7,6,4,6,6,5,2,7,6,7,4,7,5,7,7,1,42,3,2,3,5
274,1,1,5,2,6,5,5,6,1,2,1,1,2,3,2,3,1,1,1,2,3,2,3,1,1,1,4,1,5,3,7,6,1,1,1,2,4,1,1,7,1,46,4,5,3,1
275,1,1,5,2,6,6,4,6,4,5,5,3,3,3,2,2,6,5,6,7,7,7,6,4,7,3,7,5,7,3,6,3,5,6,7,5,1,2,6,7,1,49,2,4,7,4
276,1,1,5,2,6,7,7,7,7,7,7,5,7,6,7,6,5,6,7,4,5,5,6,7,7,5,7,6,7,7,7,7,6,6,4,7,3,3,1,1,1,29,2,2,12,6
277,1,1,5,2,6,2,7,6,2,3,1,2,5,6,6,3,7,5,3,6,3,1,5,2,3,4,4,2,3,6,3,7,5,4,5,2,3,6,2,7,1,26,1,5,11,4
278,1,1,5,2,6,7,7,4,2,1,5,3,1,1,3,5,2,2,2,3,1,2,4,1,3,2,1,1,1,2,1,1,1,1,1,2,2,1,3,4,1,47,3,6,1,5
279,1,1,5,2,6,7,7,6,6,6,4,6,7,5,7,4,7,3,2,6,5,5,2,6,2,6,4,7,7,4,5,6,3,4,2,3,2,3,2,2,1,50,3,1,13,7
280,1,1,5,2,6,7,7,7,3,1,3,2,7,1,2,1,5,3,5,4,3,2,3,4,3,2,7,6,3,7,6,7,3,5,3,3,7,7,5,5,1,39,2,7,2,3
281,1,1,5,2,6,6,4,7,5,7,6,5,7,5,6,3,3,4,4,2,5,3,5,6,4,6,6,4,3,5,4,7,5,6,7,4,1,1,4,2,1,37,1,7,12,3
282,1,1,5,2,6,4,7,6,2,4,1,5,6,2,1,5,4,3,7,7,5,7,7,3,7,7,6,7,5,5,7,6,4,5,3,5,6,6,3,5,1,21,2,7,7,3
283,1,1,5,2,6,7,7,5,7,5,7,7,7,3,2,2,7,4,4,6,5,2,7,7,6,2,7,7,4,6,6,5,5,4,6,5,3,5,1,6,1,44,2,3,3,4
284,1,1,5,2,6,7,6,7,5,2,3,5,3,5,5,6,4,4,3,3,6,2,6,5,5,3,6,6,3,3,3,3,4,4,5,4,2,1,5,1,1,35,3,3,4,4
285,1,1,5,2,6,7,6,2,4,4,1,1,2,7,5,5,3,6,6,1,4,6,2,1,4,4,3,3,1,1,2,5,5,3,4,6,1,2,4,7,1,42,2,5,4,7
286,1,1,5,2,6,4,4,7,1,5,2,2,3,2,6,1,2,5,4,2,2,1,3,3,4,1,6,2,1,2,2,5,2,2,1,1,1,1,4,3,1,14,1,4,13,2
287,1,1,5,2,6,1,6,6,7,3,6,3,3,3,7,5,7,4,4,4,5,7,5,6,7,5,5,7,6,5,6,3,6,6,6,5,2,4,2,1,1,21,3,4,3,5
288,1,1,5,2,6,7,7,7,1,7,7,4,5,4,3,1,1,2,1,5,3,2,6,6,4,5,5,7,2,3,6,3,5,5,2,5,6,7,7,7,1,33,1,1,4,1
289,1,1,5,2,6,5,6,2,5,3,2,2,3,1,1,1,1,1,3,1,3,2,2,1,3,3,1,2,1,1,2,1,1,1,2,2,4,5,3,7,1,40,2,6,6,8
290,1,1,5,2,6,7,6,5,3,6,7,2,4,7,7,6,7,7,4,5,4,2,4,5,5,4,6,4,3,1,5,5,3,5,2,2,5,5,3,7,1,32,1,3,2,1
291,1,1,5,2,6,3,6,4,7,4,4,4,7,6,2,6,5,6,4,6,6,5,6,6,2,5,5,4,1,1,1,2,2,2,2,6,5,2,2,6,1,27,2,5,8,5
292,1,1,5,2,6,6,2,7,7,6,7,7,7,6,7,3,5,7,4,1,6,2,7,1,7,4,5,5,6,7,6,5,5,5,7,6,1,1,4,4,1,40,2,1,5,1
293,1,1,5,2,6,7,6,6,4,6,4,4,1,3,5,4,5,6,6,3,3,5,1,3,5,3,2,1,7,7,7,7,7,5,6,7,7,4,7,4,1,30,1,1,10,5
294,1,1,5,2,6,2,6,5,7,7,7,7,5,6,4,2,1,2,1,3,2,5,1,1,5,1,2,4,6,2,7,4,4,1,2,3,4,2,6,1,1,37,3,5,8,3
295,1,1,5,2,6,6,7,7,3,1,3,1,1,3,4,2,4,1,5,3,2,2,1,5,3,5,6,2,4,4,2,1,6,3,1,4,3,2,2,3,1,47,1,3,9,2
296,1,1,5,2,6,7,5,6,6,7,6,4,6,4,5,4,4,4,5,6,5,7,3,4,5,5,5,6,6,6,6,7,7,6,3,3,6,3,6,5,1,51,3,4,1,4
297,1,1,5,2,6,1,6,7,3,3,2,1,6,6,1,3,6,3,4,4,7,7,2,6,3,4,6,7,5,2,2,4,1,4,3,3,6,2,2,5,1,44,1,5,11,2
298,1,1,5,2,6,7,4,6,7,7,7,3,7,4,6,3,6,7,3,3,5,5,4,5,2,6,3,4,1,4,2,2,2,4,4,2,1,2,1,5,1,47,2,3,11,5
299,1,1,5,2,6,7,6,6,5,5,6,2,6,1,1,7,3,3,7,6,4,3,5,6,5,3,6,5,3,6,2,1,3,2,5,4,2,3,3,5,1,47,1,4,3,2
300,1,1,5,2,6,4,5,2,4,7,3,7,6,7,7,7,5,4,4,4,2,2,1,1,5,4,1,1,3,7,5,7,6,6,4,6,7,6,3,6,1,38,3,6,6,1
301,1,2,5,2,6,1,3,1,4,2,2,4,1,3,6,5,2,4,7,6,5,6,3,5,1,1,4,6,4,4,4,1,3,3,4,2,1,2,3,3,2,36,1,4,5,6
302,1,2,5,2,6,3,1,4,5,6,7,7,4,7,7,7,7,7,6,5,5,2,6,4,5,6,1,5,7,7,7,2,7,7,7,6,5,6,6,3,2,48,4,5,2,4
303,1,2,5,2,6,2,1,2,4,6,5,5,6,5,6,7,5,5,1,2,2,1,1,3,1,1,1,1,4,5,6,5,3,3,5,3,4,4,5,7,2,33,1,4,2,7
304,1,2,5,2,6,1,1,1,4,3,3,5,4,3,7,6,4,4,5,5,6,7,7,5,6,5,5,7,7,7,3,7,6,7,4,7,5,1,6,2,2,40,2,3,5,7
305,1,2,5,2,6,1,2,1,7,7,7,6,7,7,6,5,5,7,5,5,2,6,6,3,1,1,7,3,5,5,7,4,5,6,6,4,5,2,5,3,2,35,1,4,3,4
306,1,2,5,2,6,1,1,1,5,3,4,7,6,5,6,7,7,6,7,5,6,6,6,7,6,5,3,7,7,7,6,7,7,7,7,7,4,4,4,4,2,34,3,2,8,6
307,1,2,5,2,6,1,3,3,3,1,2,2,6,1,1,1,1,1,5,7,4,2,2,4,6,4,4,4,2,5,2,3,1,2,2,1,7,3,2,2,2,37,1,5,4,3
308,1,2,5,2,6,2,5,3,5,7,6,7,7,6,6,5,6,3,1,1,5,3,3,4,2,6,3,1,4,5,3,3,6,3,5,5,5,7,7,5,2,36,1,5,9,5
309,1,2,5,2,6,4,2,1,3,1,3,3,1,5,3,4,3,3,4,5,4,4,1,5,2,1,2,4,6,1,7,6,3,2,6,3,2,2,2,1,2,53,2,5,7,3
310,1,2,5,2,6,1,2,4,1,1,2,2,1,6,1,1,3,3,4,1,6,3,2,2,3,2,2,6,3,1,1,1,5,1,3,2,3,6,4,1,2,37,2,7,6,4
311,1,2,5,2,6,1,1,1,3,1,1,1,3,3,6,4,4,3,3,1,2,1,1,1,3,3,2,5,5,1,7,3,5,3,5,1,4,2,4,1,2,38,2,7,3,6
312,1,2,5,2,6,1,1,1,2,1,6,1,4,6,5,6,4,2,5,3,3,5,3,6,7,2,3,3,5,4,7,2,4,2,2,2,5,5,4,1,2,52,2,5,10,4
313,1,2,5,2,6,1,3,4,6,6,5,4,4,3,5,7,7,6,6,2,5,7,7,6,7,7,6,3,7,7,7,7,7,7,7,7,7,7,7,5,2,38,3,1,5,5
314,1,2,5,2,6,4,1,2,4,2,1,2,2,4,3,3,1,3,5,2,3,2,4,4,4,3,3,3,5,4,2,4,2,2,1,2,1,2,3,5,2,41,1,2,6,3
315,1,2,5,2,6,1,3,1,4,3,3,4,4,3,3,4,2,5,6,3,6,2,3,6,4,6,3,4,2,3,4,4,3,1,1,5,4,1,4,5,2,34,3,4,9,6
316,1,2,5,2,6,2,2,5,2,2,1,1,1,3,3,4,3,5,2,2,2,1,1,2,2,1,1,1,5,1,4,5,4,1,1,1,2,3,3,4,2,50,3,3,2,2
317,1,2,5,2,6,2,3,1,1,5,3,5,4,7,7,6,6,7,1,3,1,3,5,1,4,2,3,5,4,3,2,2,4,5,6,7,6,6,6,2,2,50,1,6,3,2
318,1,2,5,2,6,1,2,1,6,5,1,3,2,7,5,6,7,6,4,3,5,3,3,3,4,3,6,2,3,2,5,3,7,6,6,6,6,5,7,5,2,40,2,6,5,1
319,1,2,5,2,6,2,2,3,2,1,1,1,2,4,4,1,4,1,1,1,2,3,1,1,1,1,1,2,1,1,1,1,1,2,1,1,2,2,3,2,2,36,1,6,3,6
320,1,2,5,2,6,1,1,1,6,7,7,5,5,6,6,5,4,6,7,7,7,7,7,7,7,6,7,7,5,4,6,1,7,6,5,5,1,4,1,1,2,27,1,2,5,1
321,1,2,5,2,6,1,1,1,7,7,6,6,6,7,6,7,7,7,5,7,4,4,4,7,3,4,6,7,4,4,4,6,3,2,5,4,3,4,2,5,2,29,4,4,7,2
322,1,2,5,2,6,4,5,1,4,6,3,2,5,4,3,4,5,4,2,1,1,2,1,7,4,3,5,2,1,4,4,4,3,1,3,5,2,3,2,4,2,46,1,2,5,1
323,1,2,5,2,6,2,1,2,4,5,2,5,5,7,7,4,7,4,1,2,1,1,1,2,1,2,4,4,6,6,6,3,5,7,5,2,4,5,3,1,2,22,1,5,5,7
324,1,2,5,2,6,1,2,2,5,5,1,3,6,4,5,7,7,5,7,4,6,4,1,5,5,4,6,6,7,6,7,6,6,3,6,6,4,5,7,5,2,38,2,3,7,2
325,1,2,5,2,6,1,1,1,7,2,7,4,6,6,2,3,4,7,6,6,5,5,5,6,6,6,6,7,7,7,7,7,5,4,6,3,4,6,4,3,2,39,3,4,6,1
326,1,2,5,2,6,5,3,3,4,7,2,7,6,2,2,3,1,1,1,4,6,5,1,2,2,4,3,3,5,5,6,3,1,2,4,3,5,3,4,2,2,50,2,4,7,4
327,1,2,5,2,6,2,1,2,1,1,3,1,2,4,2,2,5,2,2,4,2,4,5,5,4,3,6,4,2,5,7,6,4,7,5,5,6,4,3,3,2,45,1,5,8,5
328,1,2,5,2,6,2,2,4,6,7,7,7,6,4,3,5,6,2,4,4,3,6,5,4,6,2,7,7,6,7,7,7,4,4,4,5,1,3,3,2,2,43,4,4,10,1
329,1,2,5,2,6,1,3,2,5,5,4,6,7,5,1,2,7,3,7,7,7,4,5,4,7,6,6,5,4,3,5,3,4,5,6,7,7,6,6,2,2,41,1,6,1,4
330,1,2,5,2,6,3,3,1,3,6,5,1,5,6,6,4,4,2,3,5,5,6,7,6,4,5,4,6,4,4,3,5,6,2,5,3,6,6,3,3,2,40,3,5,9,8
331,1,2,5,2,6,1,2,2,5,6,2,3,2,7,7,7,7,6,7,6,4,6,2,4,2,1,3,6,4,5,4,4,7,6,7,5,3,5,1,1,2,39,3,1,5,2
332,1,2,5,2,6,2,3,5,2,1,2,1,1,1,1,1,1,1,1,1,2,3,1,4,1,1,1,2,5,2,6,7,1,2,1,3,2,1,2,2,2,43,2,5,10,1
333,1,2,5,2,6,2,1,3,4,6,1,1,2,4,3,7,3,3,2,1,7,5,2,4,2,1,6,1,1,2,1,1,1,1,1,1,1,1,4,1,2,36,1,2,2,3
334,1,2,5,2,6,4,2,2,7,4,6,3,3,2,4,3,3,2,2,1,6,3,4,2,3,2,5,1,7,7,6,7,3,2,2,4,6,6,6,1,2,44,2,6,13,4
335,1,2,5,2,6,7,2,2,4,1,2,6,4,4,3,3,5,3,5,1,2,3,2,1,1,2,2,1,2,2,2,3,2,1,1,2,5,3,6,2,2,42,2,1,4,4
336,1,2,5,2,6,2,1,2,3,5,4,4,3,2,3,7,4,7,2,4,6,5,7,5,5,5,7,5,5,4,2,4,2,5,3,5,4,7,3,2,2,40,3,2,5,7
337,1,2,5,2,6,2,4,1,5,7,7,6,6,1,1,1,2,3,1,6,5,2,2,5,7,5,5,1,2,4,3,7,2,3,2,2,4,1,1,7,2,40,2,6,3,5
338,1,2,5,2,6,6,5,1,1,3,4,7,3,4,6,1,2,1,1,5,2,4,6,3,5,5,6,7,2,1,3,6,3,6,2,4,3,2,2,4,2,33,3,3,10,2
339,1,2,5,2,6,1,2,1,3,2,5,6,3,2,2,3,1,3,4,3,2,1,4,2,2,1,3,1,2,3,1,5,2,3,7,4,3,2,2,2,2,43,2,4,12,5
340,1,2,5,2,6,1,1,1,4,4,3,7,7,7,6,4,6,7,7,6,6,6,7,5,2,4,2,6,7,7,6,7,7,7,7,7,7,7,7,5,2,41,3,4,8,4
341,1,2,5,2,6,2,3,1,6,4,1,4,4,2,2,3,1,2,5,5,4,5,5,5,5,2,6,1,2,4,6,6,3,5,3,1,5,3,1,2,2,47,1,3,3,4
342,1,2,5,2,6,3,3,2,4,2,2,4,6,6,6,6,5,5,6,7,5,6,7,7,6,7,6,7,5,2,2,4,5,7,5,7,6,6,6,6,2,43,1,5,10,5
343,1,2,5,2,6,3,1,2,5,5,2,6,4,4,1,1,3,3,3,6,7,5,5,4,2,3,7,6,3,4,3,6,5,3,5,6,4,7,7,3,2,31,3,5,1,6
344,1,2,5,2,6,5,2,1,5,5,7,3,5,7,4,6,6,5,3,7,2,4,6,2,5,5,5,5,2,7,1,1,5,6,6,4,5,5,6,6,2,31,2,3,1,6
345,1,2,5,2,6,7,2,5,3,4,3,1,4,1,1,5,2,5,6,7,4,7,4,5,6,6,7,7,2,7,6,5,6,4,5,6,1,4,1,3,2,36,4,5,5,4
346,1,2,5,2,6,1,2,2,6,5,5,7,6,6,6,7,7,7,5,1,4,1,3,5,5,4,1,3,5,1,6,3,3,4,4,3,5,7,6,4,2,26,3,4,12,5
347,1,2,5,2,6,1,1,1,5,6,4,6,3,4,7,2,5,6,6,6,7,7,6,7,3,7,5,7,7,7,7,7,7,5,7,7,7,3,4,6,2,37,4,3,8,4
348,1,2,5,2,6,2,1,2,3,1,4,4,3,7,6,5,7,7,2,5,6,4,7,7,7,4,7,7,7,5,6,5,7,7,6,7,7,7,7,4,2,43,3,5,6,2
349,1,2,5,2,6,1,1,5,2,3,2,3,2,1,1,3,1,1,4,5,3,2,7,5,6,2,3,6,3,5,2,2,5,3,5,3,3,5,1,3,2,40,4,6,11,2
350,1,2,5,2,6,2,2,3,4,7,4,6,6,6,7,6,6,7,3,4,2,2,3,2,2,1,4,3,6,7,6,6,7,4,6,5,1,1,4,4,2,47,4,6,4,3
351,1,2,5,2,6,2,2,2,1,1,1,1,1,3,3,2,1,1,1,1,1,1,1,1,1,1,1,1,2,5,1,5,1,1,1,1,4,4,4,4,2,40,2,4,4,5
352,1,2,5,2,6,2,4,6,1,4,4,5,4,3,2,3,4,5,1,1,3,3,1,1,1,3,1,5,5,3,4,7,1,3,1,1,1,3,2,2,2,53,4,3,7,3
353,1,2,5,2,6,3,5,2,1,4,2,2,1,2,5,1,1,4,2,3,3,5,4,4,5,2,3,4,6,4,3,7,2,4,4,6,1,5,2,4,2,27,1,4,8,5
354,1,2,5,2,6,1,4,1,3,2,3,2,3,2,3,4,1,1,1,3,4,4,3,3,2,3,3,2,1,5,4,1,2,3,2,1,4,7,6,6,2,36,3,5,4,7
355,1,2,5,2,6,2,1,2,7,3,7,7,6,5,4,1,3,5,7,7,7,7,7,7,7,7,7,7,2,3,3,5,4,3,4,6,3,2,2,1,2,21,1,1,11,5
356,1,2,5,2,6,4,2,1,2,3,2,5,2,3,6,2,2,1,1,4,4,6,7,6,4,6,3,5,5,6,4,6,4,3,2,3,1,3,3,3,2,42,4,5,6,1
357,1,2,5,2,6,1,7,1,5,2,2,4,2,2,3,3,5,7,5,1,1,1,2,3,2,4,5,6,1,2,7,4,4,1,3,1,5,4,4,5,2,38,1,2,7,1
358,1,2,5,2,6,7,1,1,6,7,7,6,7,2,7,5,7,6,7,7,7,1,7,7,3,6,7,6,1,1,1,3,4,3,4,3,5,7,3,2,2,42,2,6,7,7
359,1,2,5,2,6,1,2,1,5,2,6,3,1,3,7,5,2,3,1,4,1,2,1,3,2,3,5,1,3,4,1,4,3,2,3,2,3,2,3,6,2,33,2,2,2,5
360,1,2,5,2,6,1,3,3,6,7,5,7,6,6,7,4,6,7,4,5,7,6,4,3,6,6,3,2,4,4,6,5,7,6,7,7,7,7,7,6,2,20,3,1,12,7
361,1,2,5,2,6,1,1,2,2,1,2,2,3,4,4,6,3,7,4,4,5,4,6,4,1,7,6,2,1,1,2,1,4,3,2,5,3,3,3,3,2,39,2,1,10,2
362,1,2,5,2,6,2,4,1,1,4,1,2,1,2,4,2,3,3,6,5,6,3,3,4,4,4,1,6,4,6,6,1,3,2,4,3,3,4,6,1,2,36,1,3,11,2
363,1,2,5,2,6,3,1,1,4,4,3,6,6,7,7,7,7,7,4,6,7,7,3,5,7,7,7,5,2,5,3,4,7,6,7,7,7,6,7,3,2,41,3,2,12,6
364,1,2,5,2,6,1,5,7,1,1,3,1,3,1,5,3,1,1,1,1,1,1,1,1,1,1,1,1,1,2,1,3,1,1,1,1,3,1,1,2,2,51,2,5,6,1
365,1,2,5,2,6,4,3,1,5,4,3,3,4,6,3,6,6,5,5,3,5,2,7,3,1,2,1,4,2,2,4,2,3,3,6,6,7,5,3,3,2,41,2,5,12,1
366,1,2,5,2,6,4,4,1,1,1,1,1,1,1,1,1,1,1,1,1,1,1,1,1,1,3,1,3,1,1,2,1,1,1,1,1,3,2,1,6,2,33,2,6,6,1
367,1,2,5,2,6,3,4,2,6,2,4,4,5,2,3,1,7,4,1,1,2,1,1,2,1,3,1,2,3,2,1,5,1,1,1,1,2,2,1,4,2,48,3,4,3,6
368,1,2,5,2,6,1,4,1,3,1,1,1,1,3,2,1,2,1,1,1,1,1,2,1,2,2,2,1,2,1,1,1,1,1,1,1,1,1,1,2,2,31,1,3,8,2
369,1,2,5,2,6,1,2,2,7,3,6,5,4,1,4,4,4,3,6,3,7,5,5,4,5,3,4,2,4,5,5,4,4,7,6,3,3,4,4,5,2,33,3,2,2,1
370,1,2,5,2,6,6,1,1,1,3,2,1,1,2,5,3,4,6,7,4,3,3,4,7,6,2,7,4,4,2,3,4,4,5,5,5,1,2,1,6,2,47,3,1,9,1
371,1,2,5,2,6,1,4,5,2,4,3,4,1,1,1,2,3,5,2,2,2,2,2,3,2,7,2,3,6,4,6,5,7,7,5,6,3,3,5,4,2,35,4,1,7,6
372,1,2,5,2,6,2,2,1,4,3,1,6,2,6,4,5,6,7,3,7,4,1,1,2,4,2,2,2,5,5,5,3,4,1,2,3,6,6,6,6,2,36,3,5,4,6
373,1,2,5,2,6,2,6,5,4,4,6,6,6,5,4,6,6,7,7,6,1,3,2,5,3,3,6,2,5,3,5,5,7,7,5,4,7,6,6,2,2,47,3,5,10,2
374,1,2,5,2,6,1,2,2,7,6,3,6,7,6,5,7,4,7,6,5,2,1,6,3,5,7,3,1,4,3,6,3,5,4,5,4,3,2,4,6,2,50,3,5,11,2
375,1,2,5,2,6,6,5,2,3,1,1,4,1,2,4,3,2,2,1,2,2,1,1,1,2,1,1,1,1,2,1,1,4,1,2,1,2,1,4,1,2,28,2,6,1,4
376,1,2,5,2,6,1,2,4,4,4,6,6,7,6,5,2,5,3,6,7,1,6,6,6,7,7,4,5,3,2,7,3,7,7,7,6,7,5,4,4,2,40,3,5,11,5
377,1,2,5,2,6,1,5,2,4,5,1,3,3,2,6,4,2,4,4,7,6,5,3,5,6,6,7,6,6,5,7,6,6,7,6,6,7,7,6,1,2,55,2,2,9,5
378,1,2,5,2,6,2,1,2,6,5,2,1,2,7,7,7,6,7,4,2,7,7,5,4,7,7,7,5,6,6,3,3,7,7,6,7,7,7,7,4,2,65,1,2,9,2
379,1,2,5,2,6,2,1,3,3,5,6,4,2,1,5,6,3,6,2,4,1,2,1,1,2,1,3,2,5,5,4,2,2,1,1,1,7,6,7,5,2,37,3,5,5,7
380,1,2,5,2,6,6,4,2,1,1,3,2,4,6,5,6,4,5,2,3,7,1,4,2,2,3,2,4,3,7,7,3,3,2,3,4,4,3,4,4,2,40,1,4,5,2
381,1,2,5,2,6,1,1,1,2,3,5,2,5,1,5,4,3,1,6,7,7,5,6,7,7,6,7,6,2,5,4,4,4,4,3,5,6,6,5,6,2,29,3,2,9,6
382,1,2,5,2,6,1,2,2,7,6,3,5,1,7,2,2,1,2,2,2,4,3,5,3,3,7,6,6,1,1,1,3,2,1,4,1,4,3,3,5,2,45,2,4,12,7
383,1,2,5,2,6,1,1,2,4,1,1,5,1,1,4,5,3,3,3,3,4,2,5,7,4,6,1,4,5,6,3,3,3,5,4,4,6,5,7,1,2,51,2,2,9,2
384,1,2,5,2,6,2,1,1,7,7,6,7,7,5,5,5,3,5,4,7,5,6,7,5,7,5,7,7,5,7,6,7,7,7,6,7,7,6,6,4,2,39,3,6,2,4
385,1,2,5,2,6,1,2,1,4,3,7,4,5,6,7,4,3,6,7,7,6,5,6,5,2,5,4,5,5,7,7,6,7,6,7,5,5,6,5,5,2,39,3,6,13,2
386,1,2,5,2,6,5,1,1,2,2,3,2,1,5,3,1,2,2,2,2,2,2,3,2,3,2,2,1,3,3,7,3,6,3,2,5,1,3,5,6,2,52,3,5,2,7
387,1,2,5,2,6,2,1,4,4,4,7,4,2,1,2,3,4,1,5,6,7,3,7,5,3,7,3,6,2,3,5,6,7,6,4,7,4,4,2,7,2,35,1,4,1,5
388,1,2,5,2,6,7,1,5,5,6,5,7,7,4,4,7,7,3,6,7,4,1,3,3,2,3,4,5,4,6,5,7,4,5,5,3,4,6,6,3,2,42,2,1,12,4
389,1,2,5,2,6,2,1,2,6,2,5,6,5,6,7,7,7,7,6,5,6,6,2,7,7,7,1,7,7,7,6,7,4,6,6,6,6,4,6,4,2,34,1,5,3,6
390,1,2,5,2,6,6,3,1,3,3,4,2,3,2,2,2,3,3,3,7,3,7,6,3,2,5,4,1,3,3,5,4,1,4,2,4,2,2,1,5,2,31,1,4,3,3
391,1,2,5,2,6,1,1,4,4,6,7,5,5,1,4,2,4,3,4,6,2,6,6,4,6,5,7,6,3,4,1,4,5,6,4,5,1,3,3,7,2,33,3,1,7,6
392,1,2,5,2,6,1,1,1,7,5,4,5,4,3,1,5,2,6,3,4,5,6,5,4,3,7,2,4,4,6,4,6,2,3,5,4,3,4,1,5,2,36,1,6,10,2
393,1,2,5,2,6,1,4,2,5,6,7,7,5,4,2,3,2,2,6,5,7,7,7,6,5,5,5,5,4,5,1,3,7,6,4,4,5,3,1,3,2,34,3,6,4,1
394,1,2,5,2,6,2,1,1,1,6,7,1,5,5,6,6,7,7,6,7,4,5,7,3,2,3,4,4,6,4,7,6,6,6,3,5,5,4,5,3,2,41,2,1,9,6
395,1,2,5,2,6,1,2,1,5,4,5,5,6,7,6,2,7,4,6,6,5,6,4,7,3,7,5,7,7,5,7,4,6,7,6,6,1,5,1,2,2,53,1,4,12,6
396,1,2,5,2,6,1,1,2,4,7,4,7,6,2,6,2,5,6,3,7,6,4,5,7,7,5,6,7,4,3,1,2,2,7,5,7,3,4,3,1,2,26,2,1,9,6
397,1,2,5,2,6,2,1,4,5,7,5,4,6,7,5,2,5,4,2,6,2,2,4,6,2,1,4,3,7,5,5,6,5,7,7,7,5,7,5,1,2,43,3,2,11,6
398,1,2,5,2,6,1,1,1,5,6,5,6,6,4,6,4,6,4,6,7,7,7,7,7,7,7,7,7,7,7,7,7,7,7,7,7,7,5,5,4,2,44,4,6,5,7
399,1,2,5,2,6,5,1,3,6,7,5,7,4,2,6,1,2,3,7,3,3,7,1,5,2,7,3,3,2,3,6,2,1,1,3,2,2,2,5,3,2,40,3,6,5,2
400,1,2,5,2,6,2,1,1,3,6,5,3,2,5,5,5,7,4,4,4,6,6,5,7,7,7,7,7,2,4,7,2,7,6,7,6,6,5,5,1,2,40,2,3,1,5
401,1,2,5,2,6,1,3,2,4,4,6,1,4,4,5,4,6,2,5,4,1,3,3,5,5,2,4,2,5,2,5,6,6,3,5,5,6,5,2,4,2,48,1,2,5,4
402,1,2,5,2,6,1,1,3,1,1,2,1,1,1,2,4,3,3,1,2,1,6,4,4,3,2,3,5,1,2,1,2,2,4,3,1,3,3,2,1,2,51,2,6,11,1
403,1,2,5,2,6,1,3,1,2,5,4,1,1,2,2,4,3,4,6,6,2,2,4,3,4,1,1,6,1,2,1,1,5,5,3,5,2,2,1,1,2,31,2,4,5,3
404,1,2,5,2,6,2,2,3,1,2,4,3,4,7,5,2,6,7,3,5,4,2,2,2,3,5,3,2,3,1,2,4,4,4,6,3,3,3,3,1,2,36,1,6,12,6
405,1,2,5,2,6,3,1,1,1,1,1,2,1,4,3,5,6,3,2,1,2,2,4,7,5,2,1,1,6,1,1,1,2,5,4,4,7,7,6,4,2,52,3,6,13,6
406,1,2,5,2,6,2,1,1,4,3,1,2,4,7,5,5,5,5,2,3,2,2,1,4,2,2,2,3,1,1,1,2,2,1,5,2,2,1,1,6,2,43,3,3,11,2
407,1,2,5,2,6,3,1,2,2,4,3,2,1,2,2,5,1,1,7,2,3,5,6,5,5,6,3,5,7,7,6,6,1,3,5,3,4,7,7,5,2,36,3,2,5,4
408,1,2,5,2,6,1,5,3,6,2,5,7,4,7,7,5,5,6,7,7,5,7,4,6,6,6,4,6,6,5,3,5,5,7,3,6,5,6,3,1,2,27,1,1,2,2
409,1,2,5,2,6,5,3,1,3,1,2,1,3,3,1,1,1,1,6,6,5,6,6,7,5,4,6,4,4,4,4,5,1,2,2,1,2,1,2,2,2,33,2,5,2,4
410,1,2,5,2,6,6,1,2,2,1,1,1,1,3,4,7,6,4,1,5,1,6,4,1,4,3,2,3,7,2,2,5,3,5,4,6,5,6,4,2,2,43,1,5,13,5
411,1,2,5,2,6,2,3,3,5,3,3,6,6,2,7,2,5,4,4,6,2,1,2,3,6,5,3,3,5,5,5,5,6,5,4,2,3,3,3,5,2,42,1,6,9,2
412,1,2,5,2,6,2,3,1,4,1,2,3,1,1,1,1,1,1,2,2,1,3,2,3,2,2,1,4,1,2,1,1,1,1,1,1,2,7,3,2,2,38,2,4,3,1
413,1,2,5,2,6,1,1,3,7,3,2,7,2,1,3,3,4,3,4,6,5,4,6,3,3,3,6,6,5,3,6,3,4,6,6,6,6,7,6,2,2,30,1,2,11,7
414,1,2,5,2,6,2,3,1,3,3,5,7,2,3,3,3,3,2,1,4,3,1,4,1,3,2,2,2,1,3,3,1,1,2,1,1,1,2,1,7,2,38,1,7,2,2
415,1,2,5,2,6,1,2,1,2,2,5,6,3,4,5,3,5,3,5,5,3,4,2,2,6,6,5,7,5,4,3,4,2,2,5,2,2,4,1,2,2,34,1,3,2,3
416,1,2,5,2,6,2,3,1,2,5,3,2,3,1,2,6,6,6,2,3,3,1,5,4,6,5,5,4,2,3,1,2,3,2,3,2,1,1,4,3,2,22,3,5,1,7
417,1,2,5,2,6,4,4,5,1,4,4,5,4,6,6,4,6,4,5,5,6,7,3,7,6,7,7,7,7,4,5,6,5,6,4,5,1,1,1,5,2,28,1,7,3,5
418,1,2,5,2,6,3,2,1,7,6,7,6,6,3,4,3,2,3,6,4,7,5,5,3,4,2,5,5,6,5,2,5,6,3,5,6,5,5,6,2,2,45,1,6,11,2
419,1,2,5,2,6,5,3,1,5,4,5,5,3,4,3,4,7,2,5,7,4,7,4,3,7,3,6,5,1,2,4,4,3,3,6,6,4,4,4,6,2,37,1,5,2,4
420,1,2,5,2,6,1,1,1,2,5,6,1,2,2,6,6,2,4,4,3,2,4,4,6,6,3,6,6,6,3,6,7,1,1,4,1,1,1,3,1,2,48,2,4,10,1
421,1,2,5,2,6,4,6,3,6,4,5,3,4,6,7,7,7,4,2,4,3,5,7,3,5,3,4,2,6,6,5,4,5,6,6,5,1,3,3,3,2,43,4,1,1,2
422,1,2,5,2,6,5,4,3,6,3,3,4,2,1,1,1,6,4,5,5,2,4,4,3,1,6,7,5,2,4,3,4,1,1,1,2,4,4,4,2,2,46,2,2,9,8
423,1,2,5,2,6,1,2,1,5,2,5,6,2,1,1,3,1,2,4,1,5,3,2,1,1,1,5,1,1,5,6,6,2,4,4,3,1,2,4,3,2,15,1,1,4,5
424,1,2,5,2,6,7,1,2,4,6,6,2,5,2,4,3,3,2,5,1,1,1,3,6,6,2,1,5,3,3,5,5,2,5,2,4,7,6,5,2,2,27,3,6,1,7
425,1,2,5,2,6,2,5,2,2,5,2,1,5,1,1,5,3,3,7,6,6,1,5,1,1,3,1,5,6,4,5,1,1,1,1,1,2,4,4,5,2,43,3,4,6,5
426,1,2,5,2,6,2,1,3,6,5,7,7,7,4,2,3,6,2,4,4,3,6,5,4,1,2,6,5,6,4,3,2,5,3,6,4,1,1,1,6,2,40,2,3,11,2
427,1,2,5,2,6,1,4,1,4,7,7,5,6,5,6,7,5,5,5,3,7,6,6,6,5,6,7,7,5,5,6,7,7,7,7,7,6,4,5,7,2,43,1,2,6,6
428,1,2,5,2,6,2,6,2,4,4,5,2,3,3,5,5,3,5,7,7,7,3,6,5,5,6,6,6,6,1,2,7,6,6,6,3,5,1,1,3,2,50,1,1,11,3
429,1,2,5,2,6,1,4,2,6,4,4,5,5,4,5,1,5,7,6,7,6,7,7,5,4,6,5,6,1,2,1,4,4,2,1,3,2,1,5,6,2,41,1,5,4,1
430,1,2,5,2,6,1,2,1,1,1,2,4,1,3,3,2,2,1,4,6,3,6,7,7,6,6,4,2,4,5,7,4,1,1,1,1,2,1,2,3,2,36,1,6,11,7
431,1,2,5,2,6,1,3,1,2,1,1,2,1,4,1,1,1,4,1,1,2,2,1,2,2,1,1,2,2,2,4,3,4,3,2,4,4,3,6,6,2,42,2,6,13,4
432,1,2,5,2,6,5,1,1,7,1,2,5,2,1,2,2,3,3,2,2,1,2,2,4,3,3,4,3,2,1,1,3,3,3,2,4,2,3,2,4,2,29,2,3,10,7
433,1,2,5,2,6,2,2,2,6,3,5,7,4,2,1,1,2,1,5,2,3,4,5,3,6,4,3,4,2,1,4,1,1,2,2,1,3,1,1,1,2,44,2,4,7,2
434,1,2,5,2,6,2,2,1,5,6,5,2,1,1,4,3,1,1,4,3,6,3,2,4,4,2,7,5,2,4,4,2,3,2,2,1,2,2,4,2,2,34,1,4,5,4
435,1,2,5,2,6,1,7,2,7,7,7,7,6,7,7,7,7,7,7,7,7,7,5,7,7,7,7,6,4,3,4,3,7,5,5,6,3,5,5,3,2,36,2,2,7,3
436,1,2,5,2,6,1,6,1,7,4,3,3,5,4,6,5,4,4,7,5,2,7,6,5,5,6,7,2,4,2,2,7,4,6,3,4,6,5,5,5,2,53,2,1,7,2
437,1,2,5,2,6,2,2,2,7,4,5,6,6,4,5,7,6,5,3,6,6,5,5,7,6,6,5,5,5,2,4,3,6,6,6,6,6,2,5,1,2,40,1,7,6,3
438,1,2,5,2,6,2,2,1,2,3,4,2,1,3,4,5,3,4,2,2,2,1,2,3,1,5,5,3,3,1,2,2,4,2,3,6,4,3,4,3,2,45,3,1,2,3
439,1,2,5,2,6,1,1,1,4,5,5,4,3,4,7,5,4,7,5,3,3,6,4,5,3,3,2,5,2,3,1,1,3,5,5,6,7,3,6,6,2,41,1,6,5,4
440,1,2,5,2,6,1,1,1,7,6,6,7,6,3,2,4,3,7,6,7,2,7,5,6,5,7,7,6,2,2,2,1,6,6,5,5,3,4,5,2,2,26,3,6,9,2
441,1,2,5,2,6,5,3,1,3,2,3,6,3,2,5,3,2,3,1,2,1,1,4,3,2,2,3,4,4,2,5,4,2,2,2,3,2,3,2,1,2,30,3,4,11,1
442,1,2,5,2,6,2,2,1,4,7,3,4,7,5,2,3,6,6,7,6,6,5,6,7,7,7,5,6,7,7,7,7,6,7,7,4,7,7,7,2,2,44,3,3,1,2
443,1,2,5,2,6,1,1,2,3,5,3,2,4,4,4,3,1,5,5,3,3,3,2,2,2,5,6,3,2,6,3,5,5,5,5,5,4,7,5,3,2,35,1,3,13,3
444,1,2,5,2,6,1,1,5,6,4,3,6,2,3,6,5,5,6,7,7,7,6,7,5,7,4,5,7,2,1,2,4,3,5,6,4,5,2,5,1,2,44,2,7,13,1
445,1,2,5,2,6,7,3,1,1,5,3,5,5,6,7,6,1,4,6,7,7,5,6,6,7,7,7,7,2,5,5,3,6,5,1,6,4,2,1,1,2,45,2,1,9,7
446,1,2,5,2,6,2,1,3,7,6,7,7,6,5,1,6,2,2,3,2,3,2,4,2,1,5,3,4,6,5,2,6,3,2,3,5,4,4,3,1,2,48,3,6,10,6
447,1,2,5,2,6,1,3,6,2,3,2,4,4,5,4,6,4,7,6,5,4,3,4,3,4,3,2,7,6,6,4,6,5,4,4,5,2,2,3,6,2,28,1,6,6,8
448,1,2,5,2,6,7,1,3,6,5,5,4,4,5,3,4,4,4,7,7,7,6,7,7,7,7,7,7,5,5,7,6,6,7,7,7,6,7,7,1,2,32,2,2,6,4
449,1,2,5,2,6,7,1,5,6,4,7,5,5,3,5,5,4,3,5,6,7,3,7,6,7,7,4,6,6,7,7,6,7,5,7,7,2,3,1,1,2,25,2,4,3,2
450,1,2,5,2,6,1,2,2,5,6,3,5,7,7,4,5,6,5,2,6,5,6,7,7,7,7,5,5,5,5,6,7,7,5,6,6,7,4,7,1,2,38,4,3,12,7
451,1,2,5,2,6,1,2,2,4,6,4,3,7,7,6,7,7,7,7,7,6,5,7,7,7,6,3,7,5,7,7,4,7,6,7,7,7,5,7,1,2,33,1,5,1,5
452,1,2,5,2,6,2,1,1,1,2,2,1,1,2,4,6,4,2,7,4,4,6,3,4,6,4,5,4,1,5,3,1,1,3,1,2,1,1,3,1,2,28,4,2,8,2
453,1,2,5,2,6,5,1,1,7,3,4,6,3,6,7,3,7,5,7,7,6,3,3,1,7,6,3,7,4,4,3,5,7,7,7,7,7,6,7,1,2,45,2,6,8,3
454,1,2,5,2,6,1,5,4,6,7,1,1,4,7,6,5,3,7,2,3,6,3,5,5,3,2,7,4,3,5,7,2,4,5,5,1,2,2,4,3,2,40,1,2,3,7
455,1,2,5,2,6,1,1,1,7,7,6,7,7,5,5,5,5,7,4,4,3,4,2,1,6,4,1,2,6,6,7,6,5,6,6,6,3,3,6,1,2,48,2,5,12,7
456,1,2,5,2,6,1,2,2,5,2,5,3,2,7,6,6,6,2,6,7,3,2,6,3,6,7,6,4,3,6,5,3,6,5,3,5,6,6,5,4,2,45,3,5,3,3
457,1,2,5,2,6,4,1,1,3,4,3,3,3,4,2,1,2,2,2,1,5,3,3,6,1,4,3,3,3,3,3,6,4,2,6,3,6,5,6,4,2,45,2,3,6,7
458,1,2,5,2,6,3,7,2,2,5,4,4,7,6,5,3,3,6,1,3,1,1,2,1,1,1,1,1,1,1,1,1,1,1,1,2,2,4,2,1,2,31,2,1,9,6
459,1,2,5,2,6,1,2,2,1,3,2,3,5,3,7,5,3,3,2,2,1,1,1,1,1,2,2,1,3,1,2,1,6,5,2,4,5,5,3,1,2,44,3,1,11,5
460,1,2,5,2,6,2,1,2,2,4,4,2,1,4,2,6,2,4,1,2,3,1,1,1,2,1,1,1,3,3,2,2,3,2,2,2,1,1,1,4,2,31,1,2,12,2
461,1,2,5,2,6,2,1,2,7,5,4,3,3,7,7,5,4,5,5,6,2,2,4,2,5,6,2,1,6,5,7,5,3,2,2,1,3,3,5,2,2,55,4,1,9,3
462,1,2,5,2,6,3,2,3,6,5,6,6,4,5,6,7,6,5,4,3,6,4,3,2,5,3,5,5,7,7,7,5,7,7,7,7,7,7,3,1,2,44,1,5,11,5
463,1,2,5,2,6,2,2,4,5,5,3,4,3,5,3,4,2,3,4,7,4,6,2,6,6,5,1,2,2,2,3,2,5,3,2,3,4,4,3,1,2,48,3,5,10,3
464,1,2,5,2,6,1,5,1,2,1,2,1,2,5,5,5,5,5,3,6,7,4,5,6,7,4,5,5,3,6,5,4,7,6,7,6,6,4,7,2,2,33,3,5,1,4
465,1,2,5,2,6,1,2,2,2,3,1,5,2,4,2,4,1,3,3,2,5,5,2,7,5,7,2,4,2,1,3,3,3,5,5,5,2,5,2,4,2,36,3,4,4,3
466,1,2,5,2,6,6,5,1,7,3,6,7,7,7,2,2,4,4,3,2,5,6,2,2,3,5,1,6,7,3,5,7,4,2,2,2,5,4,4,6,2,27,3,4,9,1
467,1,2,5,2,6,5,5,2,6,4,2,2,2,6,5,7,4,7,7,3,7,4,6,6,6,6,6,5,2,4,3,4,6,4,2,5,1,1,3,1,2,38,1,1,1,4
468,1,2,5,2,6,1,2,1,4,1,2,1,5,2,4,3,5,2,5,6,3,2,3,4,3,5,7,7,5,3,2,2,1,4,3,2,3,3,7,2,2,40,3,6,9,8
469,1,2,5,2,6,1,1,4,2,3,4,3,4,7,4,5,6,7,3,3,3,3,4,2,5,6,2,3,4,1,1,4,2,2,3,6,6,4,6,4,2,34,1,6,4,5
470,1,2,5,2,6,1,3,2,3,4,5,2,2,5,3,1,1,1,3,7,7,6,5,6,6,6,2,6,4,7,7,7,4,3,5,5,5,1,2,4,2,41,3,4,2,1
471,1,2,5,2,6,2,1,2,6,7,6,5,4,5,5,6,1,2,7,5,5,5,6,5,7,4,5,3,1,5,3,2,5,5,5,6,6,6,3,1,2,45,2,7,6,2
472,1,2,5,2,6,1,1,1,7,7,4,6,6,7,7,4,7,7,4,7,7,7,7,7,7,6,2,6,7,7,7,6,4,7,6,7,6,7,6,4,2,50,4,3,11,6
473,1,2,5,2,6,7,1,2,1,3,2,1,5,5,2,2,4,6,3,4,5,2,1,3,2,1,2,4,6,6,5,1,5,6,6,6,7,7,4,3,2,48,3,1,9,5
474,1,2,5,2,6,1,3,4,1,5,3,1,5,2,5,2,3,3,6,7,6,6,5,3,5,5,6,4,5,7,7,7,2,5,5,6,4,7,3,5,2,41,2,3,4,3
475,1,2,5,2,6,3,1,2,2,2,2,1,2,1,3,2,2,1,4,1,5,4,3,4,4,7,1,5,3,2,1,2,3,1,1,2,5,5,4,3,2,45,1,5,9,6
476,1,2,5,2,6,5,1,1,5,7,4,4,3,5,5,1,5,2,2,3,1,4,4,3,1,1,1,1,2,1,2,2,2,1,1,1,1,1,2,1,2,35,2,3,6,6
477,1,2,5,2,6,1,2,1,7,5,7,7,7,5,3,4,3,3,7,7,6,5,7,7,4,4,7,6,3,5,5,4,6,4,5,7,4,6,6,1,2,33,3,1,4,7
478,1,2,5,2,6,1,6,1,3,2,7,7,5,2,5,5,5,5,7,5,7,5,7,6,5,7,7,7,7,3,4,5,2,4,2,3,4,1,4,2,2,39,2,3,11,6
479,1,2,5,2,6,2,2,6,4,4,5,3,3,3,3,3,1,4,6,5,5,4,4,3,6,1,6,4,4,3,6,6,6,7,5,5,5,6,4,6,2,19,4,2,8,4
480,1,2,5,2,6,4,1,1,5,6,6,5,5,5,1,5,2,1,6,1,6,3,6,7,3,3,3,2,5,4,2,5,1,5,5,4,3,2,4,1,2,37,2,1,5,4
481,1,2,5,2,6,1,4,3,7,6,7,5,6,2,4,7,1,6,5,6,5,4,4,2,5,5,5,6,7,7,7,6,6,4,5,6,4,6,2,5,2,36,2,4,11,3
482,1,2,5,2,6,1,2,2,3,3,6,7,1,2,3,4,6,6,2,3,3,2,4,3,6,5,5,2,5,6,3,5,2,1,7,6,4,2,4,1,2,38,1,3,5,7
483,1,2,5,2,6,2,2,3,3,2,1,2,5,5,3,1,4,3,3,1,1,1,3,1,1,3,1,3,6,6,3,3,2,2,1,1,5,1,2,2,2,42,4,5,8,3
484,1,2,5,2,6,1,2,2,1,4,2,3,1,1,2,1,2,1,1,3,3,1,1,2,2,5,1,2,1,1,1,2,1,1,1,1,1,1,2,4,2,54,1,2,3,1
485,1,2,5,2,6,1,4,1,7,5,6,7,7,4,3,6,3,6,7,6,7,7,7,7,7,7,7,7,3,3,4,3,5,6,6,6,5,3,6,4,2,29,2,3,7,5
486,1,2,5,2,6,2,1,3,7,6,4,2,5,4,3,4,5,6,3,7,3,2,4,3,6,3,4,7,7,7,5,4,6,7,5,4,6,6,5,2,2,45,3,1,10,2
487,1,2,5,2,6,4,1,4,1,1,1,1,1,2,4,2,2,1,2,5,4,5,1,5,5,4,2,3,1,5,1,3,3,2,2,2,4,5,6,4,2,36,4,6,12,4
488,1,2,5,2,6,1,4,2,7,7,4,6,7,7,6,4,7,7,6,5,7,7,7,4,7,7,7,7,2,6,7,7,5,7,4,4,2,5,2,2,2,44,2,3,7,2
489,1,2,5,2,6,1,7,2,1,6,4,7,5,3,7,2,6,4,3,4,2,2,5,2,2,5,2,2,6,5,4,6,4,3,2,3,1,1,2,4,2,39,3,1,12,3
490,1,2,5,2,6,1,1,2,1,3,2,5,5,1,3,1,1,1,1,1,2,3,3,3,6,1,1,1,1,4,1,6,2,1,1,2,5,2,3,7,2,41,4,5,11,5
491,1,2,5,2,6,3,1,1,4,4,5,6,6,4,1,2,3,1,4,6,7,2,7,3,7,6,4,7,6,7,7,4,4,6,4,6,6,3,2,2,2,39,1,1,9,2
492,1,2,5,2,6,2,2,2,5,5,6,5,7,2,6,4,2,1,5,2,1,4,3,1,4,4,2,7,3,4,5,1,4,2,3,2,1,4,1,1,2,37,2,6,7,3
493,1,2,5,2,6,1,2,1,3,4,4,2,7,7,5,6,7,6,3,5,4,6,6,2,5,5,7,6,7,1,5,7,7,7,5,7,4,2,5,3,2,38,3,6,9,5
494,1,2,5,2,6,3,4,3,2,3,4,3,3,4,1,3,2,1,3,5,1,2,3,2,1,1,2,4,2,2,2,3,6,4,4,2,2,4,4,4,2,24,2,7,8,5
495,1,2,5,2,6,2,1,2,6,2,2,2,5,2,1,3,1,5,7,4,4,4,5,7,4,5,5,6,1,1,1,2,4,4,1,2,3,2,2,3,2,43,2,4,2,7
496,1,2,5,2,6,4,2,4,3,6,6,5,3,1,1,2,4,3,5,5,4,5,3,5,4,3,3,3,3,3,2,1,2,4,3,5,5,3,2,1,2,35,3,3,13,6
497,1,2,5,2,6,1,1,3,6,7,5,5,6,2,5,2,6,6,1,3,5,3,2,2,4,4,1,4,2,3,1,1,2,5,5,3,6,2,5,6,2,28,4,5,6,7
498,1,2,5,2,6,1,2,2,3,4,5,3,2,1,3,4,3,4,6,2,3,4,2,4,2,2,1,1,1,2,1,5,2,2,2,2,1,3,1,4,2,48,1,3,5,6
499,1,2,5,2,6,1,1,1,6,2,3,1,5,5,5,5,5,1,7,2,4,3,1,1,4,3,4,5,3,7,7,5,6,5,2,4,3,5,4,3,2,32,2,2,4,1
500,1,2,5,2,6,1,4,4,4,7,3,3,6,6,2,3,3,3,3,3,1,2,1,2,3,1,3,4,5,7,7,5,1,1,1,1,2,4,1,6,2,38,2,5,1,7
501,1,2,5,2,6,6,5,1,2,5,2,1,6,6,5,7,6,7,7,5,5,4,7,7,7,6,7,6,2,5,3,4,4,6,7,7,4,7,4,7,2,38,1,5,3,2
502,1,2,5,2,6,4,1,3,5,2,3,4,5,7,5,2,6,5,2,3,3,4,5,7,2,7,6,3,2,6,3,4,1,4,1,1,6,4,6,1,2,36,3,3,3,2
503,1,2,5,2,6,3,2,4,1,7,5,5,3,4,3,2,1,2,7,7,3,6,6,6,6,6,7,4,1,5,6,7,3,5,3,6,3,2,6,2,2,53,3,2,10,7
504,1,2,5,2,6,1,3,1,1,1,2,3,1,1,6,1,3,2,5,5,4,4,3,6,4,5,5,3,6,5,2,5,5,4,3,2,1,3,1,5,2,24,3,4,7,7
505,1,2,5,2,6,2,1,4,1,5,6,4,7,3,2,1,1,6,2,3,4,5,3,1,2,2,4,3,3,4,6,5,2,2,6,3,3,3,2,1,2,36,1,1,8,6
506,1,2,5,2,6,3,1,1,7,5,7,4,7,5,6,4,4,6,6,3,5,6,5,6,4,5,5,6,1,7,1,3,7,6,7,6,6,7,5,3,2,27,1,5,6,5
507,1,2,5,2,6,3,4,1,2,2,2,3,2,2,3,6,6,7,3,3,1,1,2,1,4,2,3,3,3,2,2,2,1,4,4,3,2,2,3,4,2,43,3,4,6,3
508,1,2,5,2,6,1,2,1,2,6,4,3,2,2,6,1,4,4,3,3,4,2,4,2,4,4,4,2,3,2,4,3,5,3,3,6,7,5,6,1,2,29,4,5,8,4
509,1,2,5,2,6,4,1,5,4,5,3,2,2,6,1,2,1,4,5,6,4,5,5,5,7,2,3,1,7,6,6,7,6,3,5,6,5,4,4,3,2,35,1,4,10,4
510,1,2,5,2,6,1,5,2,4,2,4,1,7,6,7,5,7,6,4,2,1,2,2,2,1,1,1,1,6,3,3,3,2,4,4,4,2,3,3,3,2,49,2,3,2,6
511,1,2,5,2,6,1,1,1,1,1,1,1,2,1,1,2,2,1,1,1,1,1,1,1,1,1,1,1,3,1,4,2,1,1,1,1,1,1,2,4,2,43,2,6,7,4
512,1,2,5,2,6,2,1,6,3,3,3,1,1,5,7,3,5,5,4,3,4,1,3,1,2,2,1,2,1,1,3,1,1,1,1,3,2,1,2,4,2,34,1,5,13,2
513,1,2,5,2,6,2,3,3,5,7,5,7,6,1,4,1,2,5,1,1,1,4,1,2,1,1,1,2,4,2,4,7,1,1,1,1,1,2,1,2,2,57,2,2,5,2
514,1,2,5,2,6,2,3,2,6,7,7,7,7,5,4,3,2,5,6,4,6,5,6,2,5,5,6,4,6,6,5,6,5,5,5,7,3,6,1,2,2,42,1,2,4,4
515,1,2,5,2,6,1,2,3,3,6,7,7,5,7,3,6,7,5,5,4,6,4,2,2,4,4,6,6,6,5,1,5,5,3,5,4,1,5,6,1,2,36,3,5,7,5
516,1,2,5,2,6,6,5,2,6,7,6,6,7,4,6,7,7,6,4,3,4,4,5,3,4,3,4,2,7,7,7,7,7,7,5,6,3,3,5,3,2,52,3,2,4,7
517,1,2,5,2,6,2,1,1,4,5,1,3,5,7,4,3,2,4,6,4,6,4,1,6,2,2,2,5,2,6,6,1,6,3,3,3,6,6,5,3,2,39,2,7,11,2
518,1,2,5,2,6,1,1,4,2,2,5,3,4,7,4,6,6,3,7,7,6,7,4,5,3,6,5,4,7,6,7,2,7,7,7,7,7,6,7,2,2,50,1,3,8,4
519,1,2,5,2,6,1,3,2,5,1,7,6,6,3,3,6,2,5,3,6,3,2,6,6,4,4,5,1,2,4,4,1,6,6,6,3,2,6,3,1,2,34,2,4,6,3
520,1,2,5,2,6,1,1,2,6,6,7,7,7,6,7,7,7,6,7,7,6,7,7,5,3,5,7,7,7,4,5,6,5,7,7,7,6,2,5,7,2,41,2,2,6,1
521,1,2,5,2,6,6,1,2,4,5,7,7,7,7,7,7,7,5,3,7,5,6,6,6,4,7,4,2,7,7,7,6,7,7,7,7,6,7,4,2,2,41,3,3,2,4
522,1,2,5,2,6,1,2,2,4,3,4,2,3,1,1,3,2,2,5,2,4,2,3,3,1,4,3,3,3,2,1,3,1,1,2,1,1,1,1,3,2,34,2,6,12,2
523,1,2,5,2,6,1,3,1,6,4,7,7,6,4,4,6,4,2,7,6,6,7,6,3,5,6,7,7,5,5,5,4,6,7,7,7,6,6,7,3,2,42,3,2,10,7
524,1,2,5,2,6,1,2,3,5,6,2,3,4,3,5,4,5,4,4,4,2,6,6,4,6,6,1,6,3,1,4,2,2,5,2,1,2,7,2,2,2,41,2,7,10,5
525,1,2,5,2,6,5,1,3,4,4,5,6,3,6,6,6,5,4,3,6,5,6,6,4,5,4,5,2,5,2,4,3,6,4,7,5,4,7,5,6,2,32,2,2,1,3
526,1,2,5,2,6,1,1,2,2,3,4,5,1,5,4,3,2,7,3,4,6,7,4,7,1,6,6,7,3,5,3,3,3,4,3,6,2,7,6,3,2,44,1,4,1,7
527,1,2,5,2,6,7,2,1,7,7,4,7,7,7,5,5,6,7,6,7,6,7,4,5,5,4,5,6,6,6,5,6,6,5,4,7,7,6,6,5,2,36,2,6,7,8
528,1,2,5,2,6,2,2,2,2,5,2,1,2,1,2,4,1,1,4,5,6,2,1,3,4,4,4,3,1,1,2,1,2,1,1,1,2,1,2,2,2,43,1,5,7,3
529,1,2,5,2,6,1,3,2,5,3,1,2,5,6,4,7,7,7,3,2,6,3,4,1,4,2,3,4,4,6,7,6,6,6,6,5,2,2,1,2,2,33,3,2,8,2
530,1,2,5,2,6,5,2,5,1,1,1,1,2,1,1,1,1,1,4,3,5,2,2,2,6,4,5,2,2,2,1,1,2,1,1,2,2,1,1,5,2,43,2,3,8,6
531,1,2,5,2,6,1,1,1,5,2,7,5,6,5,7,4,7,5,7,7,6,7,7,7,7,7,7,7,4,6,5,6,7,6,7,7,5,7,6,5,2,47,1,6,13,2
532,1,2,5,2,6,1,3,1,1,1,3,4,3,2,1,6,5,4,1,2,1,1,1,1,3,1,1,1,5,5,6,4,4,4,3,2,4,3,5,2,2,40,2,4,10,7
533,1,2,5,2,6,2,1,6,5,2,5,5,4,3,1,1,1,1,3,2,5,2,5,4,2,6,7,3,2,4,4,5,4,4,2,3,2,5,2,1,2,46,2,6,13,5
534,1,2,5,2,6,3,1,4,2,5,4,5,4,3,2,2,2,4,5,2,5,5,3,4,5,3,2,3,3,4,2,2,2,5,3,3,6,1,4,3,2,50,3,1,11,1
535,1,2,5,2,6,3,7,2,6,5,5,3,5,6,4,1,1,2,1,4,1,1,2,3,1,1,1,1,1,2,2,1,1,4,1,1,2,2,5,7,2,35,1,2,7,4
536,1,2,5,2,6,1,2,1,3,1,2,3,2,1,1,1,1,1,1,3,1,3,2,2,6,2,2,2,5,5,1,1,4,1,1,2,2,3,2,2,2,48,3,3,5,5
537,1,2,5,2,6,3,4,1,7,6,5,6,5,2,5,3,2,4,2,2,2,3,6,4,3,5,4,3,1,2,2,2,5,7,4,5,5,5,2,5,2,31,4,5,12,4
538,1,2,5,2,6,1,1,1,1,1,1,1,3,1,2,1,1,1,2,1,3,1,1,1,1,1,1,2,2,3,3,1,1,2,2,1,2,3,4,1,2,47,2,2,1,4
539,1,2,5,2,6,3,1,3,7,7,7,7,7,7,7,6,7,7,7,5,7,7,7,6,6,7,7,7,7,6,4,7,7,7,7,7,6,7,7,2,2,40,2,2,4,4
540,1,2,5,2,6,5,3,1,7,7,7,7,5,5,7,1,4,6,2,3,6,7,5,3,6,5,7,5,7,6,6,6,6,7,3,7,5,1,4,2,2,43,3,4,1,7
541,1,2,5,2,6,2,6,1,4,1,4,1,2,5,3,1,3,2,1,1,2,1,2,1,1,1,1,1,4,4,3,5,5,2,1,1,3,2,5,4,2,46,4,2,6,5
542,1,2,5,2,6,1,1,1,3,7,6,3,3,3,5,7,6,5,6,7,5,5,5,6,5,7,7,5,6,7,7,6,6,7,7,5,6,7,5,3,2,25,1,4,5,7
543,1,2,5,2,6,1,3,1,2,6,4,2,3,1,2,4,1,2,7,2,6,5,3,5,5,3,4,2,5,5,5,6,3,3,4,3,2,2,3,4,2,48,3,1,5,2
544,1,2,5,2,6,1,1,1,1,2,2,6,3,7,5,6,7,5,3,3,1,7,3,2,4,4,5,4,4,5,4,4,5,4,5,6,7,3,6,1,2,39,1,5,1,7
545,1,2,5,2,6,1,2,2,1,4,4,4,2,2,5,1,3,3,1,1,2,1,1,3,3,3,1,1,4,7,6,1,2,2,4,5,5,5,3,2,2,46,4,2,9,4
546,1,2,5,2,6,1,2,1,2,6,5,2,4,6,2,5,2,1,1,1,4,5,1,1,5,2,2,1,1,3,1,4,2,2,1,1,3,3,1,3,2,38,2,5,1,4
547,1,2,5,2,6,1,2,1,5,2,6,3,5,1,3,4,1,3,4,4,5,3,6,7,7,6,6,7,5,5,5,2,4,6,4,7,7,5,6,2,2,26,2,6,3,5
548,1,2,5,2,6,3,1,4,5,6,6,4,4,7,2,5,3,2,5,4,5,4,3,6,3,7,2,7,7,1,1,2,4,2,2,6,3,6,7,6,2,40,1,4,9,5
549,1,2,5,2,6,1,1,5,1,3,3,5,4,3,6,3,5,5,1,4,3,5,6,2,2,3,2,5,5,6,3,1,6,7,5,7,4,6,2,6,2,41,3,1,2,2
550,1,2,5,2,6,1,2,2,6,6,4,4,6,7,6,6,7,5,4,4,4,6,7,5,7,5,6,5,6,6,6,4,7,7,7,7,7,6,6,6,2,31,4,6,5,4
551,1,2,5,2,6,2,7,2,6,1,3,2,4,3,5,4,5,5,6,7,7,7,7,6,7,7,6,6,6,3,6,5,6,4,4,5,3,4,4,1,2,43,3,1,5,1
552,1,2,5,2,6,3,3,1,5,4,7,3,4,1,2,1,5,1,5,3,5,7,6,1,5,2,2,4,4,3,3,3,3,2,2,3,7,5,5,2,2,35,2,3,3,2
553,1,2,5,2,6,2,2,1,7,7,6,6,7,3,5,6,7,5,6,7,3,7,6,4,6,6,4,6,4,6,1,6,7,6,4,5,5,6,3,6,2,35,1,4,12,6
554,1,2,5,2,6,1,1,1,7,4,3,6,6,4,6,7,7,7,4,7,3,5,6,7,2,7,4,1,1,3,2,3,5,4,5,6,7,4,7,1,2,40,3,1,5,5
555,1,2,5,2,6,1,6,3,4,2,3,7,6,3,6,6,4,3,2,3,1,2,1,2,2,1,2,1,4,3,3,6,3,3,3,2,4,5,5,2,2,38,4,3,5,1
556,1,2,5,2,6,1,1,5,3,2,5,4,2,5,4,3,6,5,1,1,1,3,1,2,1,1,2,1,7,5,5,7,4,5,6,6,3,5,6,4,2,48,1,5,6,1
557,1,2,5,2,6,2,4,2,2,4,2,2,3,1,1,2,1,3,5,5,6,3,2,3,4,4,3,1,2,4,1,2,2,5,3,1,3,7,4,6,2,46,3,1,4,1
558,1,2,5,2,6,5,6,2,6,7,5,2,4,4,3,2,4,6,1,1,1,1,1,1,5,1,1,1,5,2,2,1,1,1,2,2,4,3,2,1,2,43,3,2,6,6
559,1,2,5,2,6,3,1,1,7,7,7,7,7,4,7,6,4,3,6,2,2,2,6,3,2,4,3,5,5,7,5,4,6,6,6,4,5,5,6,2,2,34,1,7,12,6
560,1,2,5,2,6,4,5,1,5,4,7,5,5,5,7,6,4,3,4,5,7,6,4,7,3,4,3,5,6,6,7,7,6,7,6,4,6,4,6,5,2,48,1,7,10,2
561,1,2,5,2,6,1,7,5,7,7,6,7,4,1,1,2,3,1,5,5,2,6,5,5,6,6,4,4,7,7,7,6,6,3,5,5,2,4,3,4,2,35,3,1,13,3
562,1,2,5,2,6,1,4,2,5,3,1,3,6,3,1,4,6,4,3,7,7,5,6,6,5,7,5,6,7,6,7,7,5,2,5,5,4,3,7,3,2,40,3,4,6,4
563,1,2,5,2,6,2,1,2,3,4,2,7,3,2,7,6,1,5,3,3,4,6,1,2,4,1,1,2,1,5,4,2,3,3,2,4,1,3,5,4,2,38,2,2,6,3
564,1,2,5,2,6,2,3,3,5,5,5,5,7,2,6,6,2,3,5,7,7,3,4,4,7,6,4,3,1,5,2,1,3,6,5,7,5,7,7,3,2,42,2,4,11,4
565,1,2,5,2,6,3,7,3,4,4,7,3,6,5,7,6,6,7,6,7,7,7,5,7,6,6,5,7,5,3,5,7,7,6,7,7,7,7,6,1,2,33,2,2,5,4
566,1,2,5,2,6,1,7,1,4,7,6,7,3,1,5,3,4,4,3,3,5,6,5,4,4,2,6,3,6,6,4,4,3,2,3,2,5,4,2,3,2,36,1,6,1,1
567,1,2,5,2,6,1,1,3,3,1,1,2,1,2,1,1,1,1,1,3,1,1,1,3,1,2,1,3,6,5,5,2,4,3,3,2,1,3,1,1,2,60,3,1,5,2
568,1,2,5,2,6,4,1,2,2,2,1,2,5,6,4,3,6,2,2,6,5,3,7,5,6,6,6,6,7,7,6,4,5,5,7,5,7,4,7,4,2,34,2,3,6,7
569,1,2,5,2,6,2,2,1,7,7,6,5,6,5,7,7,7,6,4,5,6,1,6,5,5,6,2,4,4,6,7,6,6,6,4,7,4,7,5,3,2,34,3,2,13,2
570,1,2,5,2,6,2,3,1,6,5,3,5,3,6,5,4,6,3,5,4,7,7,6,7,6,5,3,6,6,3,4,7,4,6,6,6,2,1,1,7,2,52,4,4,9,7
571,1,2,5,2,6,1,1,3,6,1,5,3,6,7,4,4,4,6,7,7,7,7,7,7,4,7,7,7,7,5,7,7,7,7,7,6,7,7,7,2,2,41,4,4,11,1
572,1,2,5,2,6,1,2,1,4,3,4,3,2,3,1,1,1,3,6,2,1,3,2,5,1,3,4,3,3,2,2,2,2,1,2,2,5,6,3,2,2,48,2,1,3,5
573,1,2,5,2,6,4,2,1,6,4,1,6,5,4,7,7,7,4,6,5,7,6,5,6,7,7,3,5,4,5,3,2,7,6,7,5,4,7,6,5,2,32,2,1,13,7
574,1,2,5,2,6,4,3,2,7,7,7,5,5,3,6,4,4,6,7,5,4,5,7,6,6,7,7,5,7,7,4,6,5,7,4,4,6,6,2,2,2,43,3,5,9,7
575,1,2,5,2,6,3,2,4,5,7,5,6,1,4,4,2,4,4,4,4,2,2,3,4,3,4,2,7,6,6,4,4,5,4,4,4,4,2,4,3,2,41,1,2,7,1
576,1,2,5,2,6,4,2,1,3,3,1,5,1,7,3,7,7,7,7,7,6,3,7,7,7,7,6,4,3,2,5,2,7,7,5,7,6,6,3,2,2,41,3,6,11,5
577,1,2,5,2,6,4,1,7,4,3,3,3,4,5,2,1,5,4,3,1,2,1,1,1,1,1,4,2,5,6,7,6,7,6,6,6,6,6,7,1,2,38,4,1,7,2
578,1,2,5,2,6,1,2,1,5,5,4,7,6,5,5,6,3,5,6,4,3,7,6,7,7,6,7,6,6,6,7,6,5,7,5,6,7,4,7,3,2,30,2,2,5,3
579,1,2,5,2,6,3,5,1,3,1,1,3,4,1,1,5,2,4,5,2,2,3,2,3,4,2,2,3,5,1,1,1,1,1,1,1,1,1,1,1,2,32,4,4,3,1
580,1,2,5,2,6,2,1,2,7,5,1,4,3,3,4,4,5,4,5,1,6,4,5,1,3,2,4,6,5,7,6,4,5,3,2,6,5,3,5,4,2,45,1,2,4,4
581,1,2,5,2,6,4,1,1,1,1,3,1,1,2,1,2,5,2,1,3,2,2,2,4,1,2,2,2,4,2,1,2,2,1,2,1,4,4,4,2,2,43,1,7,8,3
582,1,2,5,2,6,1,1,4,3,4,6,4,2,4,5,2,3,5,6,3,1,4,4,4,3,3,2,3,1,4,3,2,5,5,3,4,1,1,2,5,2,53,4,6,5,2
583,1,2,5,2,6,1,1,7,1,2,1,2,1,7,7,6,6,7,6,6,5,5,4,6,5,2,5,7,3,6,5,2,4,6,6,6,6,6,6,3,2,37,2,6,1,4
584,1,2,5,2,6,1,2,1,5,5,3,6,2,5,6,4,5,7,7,7,7,4,6,6,4,7,6,7,6,4,5,5,6,7,6,7,2,4,6,2,2,31,4,5,10,3
585,1,2,5,2,6,6,2,7,4,5,4,4,4,4,6,6,5,4,3,6,3,4,7,5,6,2,3,2,6,5,6,4,3,3,1,3,1,4,2,6,2,45,1,1,8,1
586,1,2,5,2,6,1,1,1,5,6,4,4,3,7,7,1,5,5,2,2,4,7,3,4,4,6,6,5,4,6,3,4,2,6,3,3,4,1,3,2,2,26,3,2,1,5
587,1,2,5,2,6,2,1,1,5,3,2,5,2,1,2,1,4,1,4,6,7,7,5,7,3,7,6,2,3,1,4,4,1,4,3,5,3,4,2,4,2,40,1,2,1,2
588,1,2,5,2,6,1,2,1,6,6,5,4,5,3,5,6,3,2,6,2,6,7,4,4,5,5,5,3,7,5,6,5,4,4,3,5,6,5,5,3,2,49,1,1,10,1
589,1,2,5,2,6,1,2,4,5,3,6,6,6,5,4,5,4,3,5,5,7,3,2,4,4,6,7,3,1,2,2,5,3,1,3,2,3,4,6,4,2,39,2,5,5,5
590,1,2,5,2,6,1,1,3,5,7,7,5,6,4,6,7,7,5,5,5,4,6,3,6,4,7,5,6,7,7,7,7,7,7,7,6,3,3,1,1,2,41,3,7,1,7
591,1,2,5,2,6,1,2,3,7,6,6,4,6,7,5,5,7,6,3,6,4,4,7,6,7,4,6,3,6,6,2,5,5,2,2,4,6,4,6,1,2,32,4,6,7,2
592,1,2,5,2,6,2,1,2,2,4,6,6,6,2,3,2,4,2,6,4,6,5,4,2,7,3,4,3,2,2,3,6,2,4,3,2,5,2,1,7,2,42,1,2,1,6
593,1,2,5,2,6,1,6,6,2,2,5,5,2,7,2,2,1,2,1,1,1,4,1,1,2,1,1,1,3,5,5,4,6,6,2,6,2,4,2,1,2,31,1,6,13,3
594,1,2,5,2,6,1,1,1,4,5,7,6,7,7,7,7,6,6,4,6,7,4,2,6,3,5,6,3,6,7,7,5,7,6,7,6,7,4,6,1,2,30,1,6,7,2
595,1,2,5,2,6,3,6,1,2,6,1,2,2,1,5,5,5,4,3,7,7,5,7,7,7,6,7,6,4,2,4,7,4,5,4,7,7,7,5,2,2,39,1,3,4,1
596,1,2,5,2,6,1,2,3,4,6,5,5,2,6,4,6,5,4,4,2,4,3,2,3,2,3,5,5,1,1,5,2,3,6,2,2,2,5,3,6,2,26,2,5,8,6
597,1,2,5,2,6,1,1,2,6,7,7,4,4,7,7,7,7,7,4,6,7,7,5,6,7,7,7,7,6,4,7,7,5,6,5,7,3,1,1,5,2,47,3,4,9,2
598,1,2,5,2,6,4,2,5,6,4,6,7,5,3,3,3,4,2,7,7,7,7,7,7,7,7,7,7,2,4,7,3,6,6,5,6,3,6,5,1,2,45,1,4,3,1
599,1,2,5,2,6,2,2,2,3,4,4,4,6,6,3,7,4,6,3,1,2,5,2,2,2,1,1,1,7,7,5,5,3,4,3,2,3,3,3,2,2,41,3,6,1,3
600,1,2,5,2,6,1,2,1,6,2,2,3,6,5,5,6,3,5,2,5,1,2,2,5,2,1,5,5,2,6,4,2,4,3,6,6,7,7,7,3,2,43,3,2,1,3
