"id","consent_sim","group_sim","focus_1_sim","focus_2_sim","focus_3_sim","graphi_1_sim","graphi_2_sim","graphi_3_sim","inte_1_sim","inte_2_sim","inte_3_sim","inte_4_sim","inte_5_sim","soci_1_sim","soci_2_sim","soci_3_sim","soci_4_sim","soci_5_sim","symp_1_sim","symp_2_sim","symp_3_sim","symp_4_sim","symp_5_sim","symp_6_sim","symp_7_sim","symp_8_sim","symp_9_sim","symp_10_sim","play_1_sim","play_2_sim","play_3_sim","play_4_sim","effi_1_sim","effi_2_sim","effi_3_sim","effi_4_sim","dona_1_sim","dona_2_sim","dona_3_sim","age_sim","gender_sim","race_sim","income_sim","edu_sim"
1,1,1,5,2,6,7,3,4,7,6,6,2,6,6,7,6,7,7,3,6,4,7,4,7,7,7,6,4,6,7,4,7,6,5,6,7,4,7,6,42,2,4,12,4
2,1,1,5,2,6,6,7,6,7,7,4,7,7,6,7,7,4,5,6,1,7,1,7,6,6,3,7,6,7,7,6,2,7,7,7,7,6,6,6,41,3,2,9,4
3,1,1,5,2,6,4,7,6,3,5,1,6,7,5,7,7,4,6,7,5,6,6,7,6,6,4,7,7,7,6,4,7,7,6,7,7,4,6,7,32,1,1,12,6
4,1,1,5,2,6,5,7,7,7,7,6,1,6,3,6,7,7,6,7,3,2,6,7,7,6,4,7,4,2,3,7,2,7,3,7,7,5,5,6,42,2,5,3,1
5,1,1,5,2,6,7,5,4,6,7,5,6,6,4,4,7,4,3,2,6,6,7,5,7,7,7,5,6,5,6,5,7,7,7,7,7,7,6,6,23,1,2,7,2
6,1,1,5,2,6,6,7,7,3,2,2,7,3,6,4,7,4,7,6,6,6,7,6,7,7,2,6,6,6,7,7,7,7,6,4,6,4,6,7,50,1,1,8,3
7,1,1,5,2,6,6,7,6,7,4,6,4,7,7,4,4,7,2,7,7,7,6,2,6,4,7,6,7,5,6,4,6,5,5,4,7,7,3,3,33,3,5,4,8
8,1,1,5,2,6,3,3,4,6,7,3,7,7,7,6,7,7,7,4,7,5,1,7,6,6,4,2,7,7,7,4,6,7,6,7,7,7,7,6,36,3,7,3,1
9,1,1,5,2,6,7,7,4,6,6,6,6,6,7,6,7,7,4,6,7,6,7,7,7,7,5,7,1,2,7,7,6,5,6,6,6,6,7,7,32,1,2,8,2
10,1,1,5,2,6,7,6,4,7,6,2,6,7,5,6,7,6,5,6,4,6,6,6,7,7,7,7,7,3,3,2,2,7,6,7,7,2,7,6,42,1,1,12,1
11,1,1,5,2,6,6,7,6,6,7,7,2,7,6,7,3,2,7,7,5,6,6,7,6,6,6,6,5,7,6,6,7,4,6,4,7,7,6,6,36,3,4,8,4
12,1,1,5,2,6,7,5,5,7,7,6,7,3,7,7,7,1,2,7,6,6,3,7,7,7,7,5,7,5,6,6,7,6,6,7,2,7,6,7,41,2,6,10,4
13,1,1,5,2,6,3,4,4,7,3,6,6,7,7,6,7,7,7,7,7,7,6,7,6,4,4,6,6,6,6,1,7,1,7,5,3,2,4,5,42,4,3,2,3
14,1,1,5,2,6,7,7,6,7,7,6,7,3,5,6,7,7,7,6,4,4,7,7,7,4,7,7,6,6,6,7,3,6,5,7,7,2,3,7,37,1,4,5,4
15,1,1,5,2,6,6,7,6,7,6,7,7,6,7,7,7,7,7,4,6,6,7,6,6,7,4,4,5,7,6,6,6,6,7,7,7,6,2,6,43,1,1,7,1
16,1,1,5,2,6,7,6,7,7,1,7,7,7,6,7,5,6,4,6,6,7,7,7,2,7,7,6,4,6,7,7,7,7,6,3,6,7,7,6,27,2,6,1,2
17,1,1,5,2,6,7,7,7,7,6,6,7,6,7,2,3,4,6,6,7,7,7,6,7,6,2,2,7,7,7,7,7,7,7,6,2,7,6,7,30,3,5,7,4
18,1,1,5,2,6,6,6,2,7,4,6,7,5,7,6,3,7,6,3,6,6,5,7,7,6,6,5,6,7,5,2,7,4,7,7,5,7,7,6,36,2,5,10,1
19,1,1,5,2,6,7,6,4,3,7,7,7,7,2,7,7,6,6,3,6,5,5,6,6,1,3,4,7,7,6,7,7,7,2,6,6,3,6,6,47,2,3,12,3
20,1,1,5,2,6,7,7,7,3,7,7,7,6,7,7,6,7,6,6,5,1,7,4,5,7,5,6,7,7,4,7,1,2,3,6,7,7,7,7,28,1,4,11,7
21,1,1,5,2,6,6,7,7,6,6,6,6,7,7,2,6,7,7,3,5,6,1,4,6,5,7,7,7,6,7,7,6,5,7,6,4,5,1,6,37,1,3,9,4
22,1,1,5,2,6,7,7,4,6,2,1,7,6,6,7,7,2,7,6,6,7,7,7,7,6,7,6,5,7,5,6,6,7,6,7,6,4,7,6,36,3,2,8,6
23,1,1,5,2,6,7,6,6,5,1,4,6,7,7,5,5,3,7,7,7,6,1,7,7,5,7,7,6,6,7,7,7,7,7,7,6,3,6,7,29,3,5,10,6
24,1,1,5,2,6,7,7,5,6,6,7,7,7,7,6,7,5,6,7,6,1,6,6,5,7,5,7,6,6,6,6,7,7,5,4,7,5,6,7,42,2,6,3,5
25,1,1,5,2,6,7,3,2,6,6,7,6,5,6,6,6,6,4,2,7,7,7,4,7,7,7,7,7,7,4,5,7,7,6,4,7,7,4,7,34,1,6,4,7
26,1,1,5,2,6,6,7,7,6,6,5,2,6,3,7,7,7,7,6,6,6,6,7,6,4,7,7,7,6,7,6,5,6,7,7,7,7,7,6,30,2,3,11,4
27,1,1,5,2,6,5,5,5,6,6,7,6,4,6,3,7,7,4,4,6,3,1,5,7,7,7,4,6,5,6,6,6,7,7,7,1,3,6,7,40,2,5,9,4
28,1,1,5,2,6,6,2,6,6,5,6,7,6,6,5,6,6,5,5,1,7,7,6,6,3,6,3,7,7,6,7,7,1,6,7,6,5,7,6,29,2,3,11,5
29,1,1,5,2,6,6,3,3,7,4,7,6,6,7,6,6,7,7,7,2,6,6,3,6,3,6,7,4,7,7,7,6,7,4,7,7,3,7,6,35,2,4,8,5
30,1,1,5,2,6,7,6,7,7,4,7,7,6,5,7,7,7,2,6,7,6,6,6,7,6,5,7,6,7,6,6,7,7,2,7,7,3,6,6,42,2,7,7,7
31,1,1,5,2,6,7,1,5,6,4,7,7,6,2,7,2,7,7,5,5,7,6,7,5,5,4,6,7,5,7,7,7,3,7,4,5,6,6,3,33,1,3,11,4
32,1,1,5,2,6,2,6,4,4,7,7,6,7,2,7,7,1,5,7,7,6,6,7,7,7,4,4,7,7,2,4,1,1,2,2,7,6,4,4,48,1,2,5,2
33,1,1,5,2,6,6,6,1,5,4,7,6,7,4,2,7,7,5,6,7,3,7,7,4,7,7,6,7,7,7,7,7,4,7,7,7,4,7,7,35,1,5,13,2
34,1,1,5,2,6,7,3,7,7,6,6,6,4,6,7,7,4,7,5,7,7,7,7,6,7,6,7,6,7,7,6,4,7,7,7,6,4,2,7,25,3,6,7,7
35,1,1,5,2,6,7,6,2,6,7,6,6,2,7,6,7,3,7,6,6,6,3,3,6,1,6,2,5,6,7,7,6,5,7,7,3,7,7,5,42,1,3,13,2
36,1,1,5,2,6,2,6,4,5,6,4,4,7,4,6,7,7,7,5,6,3,2,5,3,7,7,6,6,6,6,7,6,7,6,6,4,7,7,7,37,1,1,3,4
37,1,1,5,2,6,3,7,7,7,5,4,7,2,7,7,4,2,6,5,7,5,6,3,4,7,7,6,7,3,6,4,4,7,7,7,4,7,7,6,37,3,6,6,3
38,1,1,5,2,6,7,6,7,7,7,6,6,1,5,5,7,6,7,3,7,1,6,6,7,7,7,5,4,7,3,5,7,7,7,5,6,5,7,2,43,3,4,7,5
39,1,1,5,2,6,7,7,4,4,5,7,6,5,2,3,6,6,7,3,5,6,7,6,6,7,4,2,4,6,5,7,3,7,5,4,7,7,7,6,50,4,2,11,7
40,1,1,5,2,6,7,2,6,4,2,3,6,6,6,6,6,7,6,7,7,4,6,6,5,6,3,3,6,7,7,2,7,5,6,5,2,6,7,7,39,1,6,10,7
41,1,1,5,2,6,7,6,4,7,7,7,7,7,4,7,6,4,7,6,7,6,7,2,4,4,2,4,5,6,7,7,4,7,7,7,5,6,3,6,32,3,2,12,2
42,1,1,5,2,6,7,4,7,7,5,7,6,1,5,7,7,6,7,7,7,6,7,7,2,7,7,3,5,3,6,6,6,6,7,7,7,5,6,6,31,4,4,11,4
43,1,1,5,2,6,7,6,5,7,7,7,7,6,6,7,6,5,5,6,6,7,6,7,4,2,5,2,7,6,7,7,1,7,6,7,6,7,7,6,28,3,1,10,5
44,1,1,5,2,6,7,5,7,6,6,4,6,6,7,1,6,7,7,6,7,5,2,4,7,1,7,7,4,7,6,6,6,6,4,4,5,2,4,7,44,3,3,9,6
45,1,1,5,2,6,7,7,6,4,6,7,7,7,6,1,6,6,7,6,6,4,5,7,7,3,6,6,1,7,6,6,7,4,7,6,5,6,4,3,31,1,1,10,6
46,1,1,5,2,6,7,2,7,7,7,7,6,4,6,7,4,7,7,7,7,7,7,7,7,2,6,6,5,4,7,7,5,7,7,7,6,7,7,4,47,1,6,2,2
47,1,1,5,2,6,7,1,7,5,7,4,6,7,7,4,6,2,7,4,2,7,4,7,7,4,4,5,6,6,7,3,5,6,7,7,6,5,7,4,39,1,5,8,7
48,1,1,5,2,6,2,4,6,7,4,7,7,7,6,5,3,1,7,6,5,5,4,7,1,6,7,7,7,5,7,7,7,7,2,1,7,3,7,3,41,2,2,7,1
49,1,1,5,2,6,7,5,3,6,7,6,7,4,7,2,7,7,6,7,6,6,4,7,7,6,7,4,6,5,2,7,4,5,7,7,2,5,7,6,46,3,1,2,7
50,1,1,5,2,6,7,6,6,7,6,6,7,7,7,2,2,4,6,3,6,7,7,7,3,5,7,7,7,6,7,4,3,6,7,7,7,7,6,2,37,1,1,12,7
51,1,1,5,2,6,7,7,5,7,7,7,7,7,7,6,7,5,3,6,6,3,4,7,7,6,1,6,6,5,7,6,3,7,7,7,7,7,7,5,43,3,1,2,3
52,1,1,5,2,6,7,5,7,7,7,4,6,6,2,6,6,7,5,1,5,7,7,7,6,3,7,5,7,6,6,7,6,6,3,7,6,7,7,5,29,3,4,7,5
53,1,1,5,2,6,7,7,3,6,5,7,7,7,6,7,6,6,7,6,7,7,5,2,6,6,7,7,7,5,7,3,5,5,6,7,5,5,3,4,34,3,7,5,4
54,1,1,5,2,6,6,6,5,7,5,7,6,4,7,5,5,7,6,6,7,2,4,5,7,7,6,7,4,6,5,6,6,7,6,6,5,6,6,6,38,3,4,3,1
55,1,1,5,2,6,6,6,6,1,7,6,7,6,7,6,2,6,6,6,7,6,7,2,6,6,7,7,6,7,7,6,3,6,6,7,7,6,7,4,34,3,2,2,7
56,1,1,5,2,6,6,6,7,7,7,6,5,6,7,1,7,2,7,7,2,6,7,7,7,6,5,7,7,5,6,7,6,7,7,7,6,6,7,1,27,3,4,4,7
57,1,1,5,2,6,7,7,7,3,7,6,7,5,7,7,7,6,4,6,6,7,7,4,7,5,6,5,6,5,4,7,4,5,6,5,7,3,6,5,42,2,6,7,1
58,1,1,5,2,6,6,4,4,7,5,6,6,5,3,6,7,4,7,7,5,6,7,7,6,7,6,6,7,6,7,7,7,6,6,5,7,6,7,7,38,3,1,11,5
59,1,1,5,2,6,4,5,7,7,7,7,7,7,6,6,7,7,7,2,6,7,3,7,7,4,6,1,4,7,7,6,3,7,7,7,5,5,7,6,38,2,5,9,2
60,1,1,5,2,6,6,7,6,7,3,5,7,7,6,6,6,7,7,7,7,2,3,5,5,4,4,6,7,3,7,6,4,3,7,7,6,6,1,7,24,2,6,6,1
61,1,1,5,2,6,6,6,7,4,7,7,3,3,1,7,7,6,4,4,7,7,4,7,6,2,3,7,6,7,6,7,7,4,5,6,7,7,5,6,42,1,4,6,4
62,1,1,5,2,6,1,4,5,4,4,5,6,5,3,7,7,4,4,7,6,5,5,4,5,7,7,5,7,6,1,4,7,7,7,7,1,6,6,7,49,1,6,10,2
63,1,1,5,2,6,7,2,6,6,6,7,6,2,7,2,4,6,5,4,7,7,1,5,7,4,6,7,7,6,7,7,6,7,6,4,6,5,7,6,36,3,6,2,4
64,1,1,5,2,6,7,7,6,7,6,6,3,2,6,6,6,7,7,3,7,5,4,6,7,7,7,5,6,6,7,7,7,6,5,1,7,7,6,2,33,2,5,6,2
65,1,1,5,2,6,6,6,2,6,6,6,6,7,7,6,5,7,3,6,7,7,7,7,2,4,7,1,6,7,6,6,6,7,7,5,7,7,6,6,53,2,1,13,3
66,1,1,5,2,6,6,1,6,7,7,4,4,6,7,6,6,7,6,6,6,7,5,7,6,3,6,6,2,7,6,5,6,4,3,4,7,7,1,7,46,3,6,6,2
67,1,1,5,2,6,5,2,6,3,3,7,4,7,6,5,6,2,7,1,5,7,7,4,6,5,7,6,6,3,6,7,6,6,5,6,1,7,7,4,37,1,4,2,5
68,1,1,5,2,6,5,7,7,6,6,5,7,7,7,2,7,4,7,7,6,3,7,6,6,7,7,7,6,2,7,2,5,3,6,7,7,4,7,2,38,3,4,11,4
69,1,1,5,2,6,7,4,7,6,6,4,7,5,6,3,7,7,7,7,4,5,3,7,3,6,6,7,7,7,7,6,7,3,7,6,2,7,2,7,32,1,4,11,3
70,1,1,5,2,6,6,3,6,7,6,6,7,5,6,7,7,6,7,7,5,6,7,7,7,6,6,4,1,7,6,6,7,4,7,6,6,6,7,6,39,3,7,4,3
71,1,1,5,2,6,6,6,6,7,6,6,6,6,7,7,6,7,5,5,4,7,7,7,6,2,6,7,2,5,6,7,7,6,7,7,6,6,5,7,36,2,5,11,2
72,1,1,5,2,6,6,7,4,7,6,6,5,7,7,6,7,2,6,7,7,6,5,6,6,7,6,7,6,7,6,7,6,6,1,6,6,7,7,7,41,4,7,6,6
73,1,1,5,2,6,6,6,2,5,7,7,4,7,7,3,6,2,6,4,7,7,6,6,7,7,7,6,6,7,7,7,7,6,7,5,5,5,6,7,44,2,2,2,2
74,1,1,5,2,6,6,4,5,6,7,5,4,3,5,6,5,4,6,7,6,6,7,7,7,1,7,7,5,7,5,7,7,7,5,3,7,6,3,6,31,3,3,5,1
75,1,1,5,2,6,6,7,7,6,7,6,6,7,6,3,7,7,7,6,7,4,6,6,4,6,7,6,2,7,5,6,6,7,3,7,6,7,4,2,41,2,4,8,5
76,1,1,5,2,6,7,3,7,6,6,6,7,7,1,6,6,6,7,6,4,5,7,6,6,7,2,6,6,7,6,4,7,7,6,7,6,6,2,6,42,3,6,5,4
77,1,1,5,2,6,6,7,6,7,7,6,6,6,7,7,5,6,5,7,5,4,2,7,1,4,7,3,6,7,2,3,6,1,5,6,7,7,7,7,39,3,5,3,5
78,1,1,5,2,6,1,6,7,2,7,6,7,5,7,6,6,7,6,4,5,6,6,5,6,7,1,6,5,6,7,7,7,4,6,4,4,5,7,3,45,2,4,2,3
79,1,1,5,2,6,6,6,5,1,6,3,6,7,7,7,4,7,7,6,6,6,6,7,7,6,6,5,6,6,5,7,5,6,7,7,7,4,4,2,36,1,3,3,2
80,1,1,5,2,6,6,7,4,2,7,4,7,6,6,3,6,5,5,6,2,5,7,7,5,6,7,7,6,4,5,3,4,1,4,7,7,7,7,7,48,3,4,10,2
81,1,1,5,2,6,7,4,6,6,6,6,5,6,6,7,7,7,7,6,6,7,4,7,6,5,5,4,6,6,6,2,7,7,3,7,6,6,4,7,26,2,4,4,6
82,1,1,5,2,6,7,2,3,6,7,6,2,7,7,3,5,6,6,7,7,6,7,4,4,5,4,7,7,7,7,6,6,5,5,1,6,6,5,7,36,3,3,3,6
83,1,1,5,2,6,6,7,6,3,7,7,7,6,6,7,7,6,7,5,6,7,5,4,4,6,6,7,7,5,6,5,7,3,6,7,6,1,7,7,34,2,3,6,2
84,1,1,5,2,6,7,5,4,6,4,1,4,3,6,3,6,7,2,2,6,6,7,7,5,6,7,3,7,5,5,1,3,6,5,7,7,7,7,6,32,3,5,1,6
85,1,1,5,2,6,7,7,6,3,6,1,6,7,5,7,6,7,2,7,4,6,7,6,6,4,7,7,7,6,7,7,7,2,1,4,6,6,4,6,36,2,3,5,1
86,1,1,5,2,6,5,7,6,4,6,1,4,7,7,5,7,5,4,2,6,7,6,6,1,4,6,2,2,3,7,7,5,7,7,7,2,7,5,3,34,3,5,8,1
87,1,1,5,2,6,7,4,4,7,4,7,2,7,5,1,4,6,7,6,7,3,7,7,4,7,7,6,6,1,5,7,6,6,4,5,7,3,7,7,41,3,4,12,3
88,1,1,5,2,6,3,6,7,7,4,6,6,7,7,7,7,7,7,4,2,7,5,7,5,6,7,4,2,2,6,6,7,2,6,6,5,7,5,7,32,1,5,5,2
89,1,1,5,2,6,5,7,5,5,7,5,6,6,6,1,6,7,5,7,6,7,7,7,7,7,3,6,7,6,4,7,5,6,6,6,7,6,7,6,38,4,6,5,4
90,1,1,5,2,6,7,7,1,5,7,2,7,3,6,6,7,7,7,6,7,7,4,2,6,7,3,7,6,6,3,5,7,1,6,7,7,7,7,7,44,2,4,5,2
91,1,1,5,2,6,7,6,2,7,7,6,3,6,4,6,7,6,2,7,7,3,7,6,7,7,5,7,6,7,4,6,6,7,7,6,7,7,7,5,35,1,2,6,3
92,1,1,5,2,6,6,5,7,6,6,4,5,3,5,6,5,7,5,4,6,3,5,5,7,7,5,4,6,7,6,2,7,3,2,7,7,6,7,6,44,1,5,8,4
93,1,1,5,2,6,6,3,5,6,6,6,3,3,7,7,5,7,7,2,6,7,3,6,6,7,7,7,7,6,7,6,6,7,7,6,6,7,7,4,33,3,5,1,4
94,1,1,5,2,6,7,6,4,7,2,5,7,7,4,6,6,7,6,7,6,6,6,5,4,7,5,4,4,6,6,7,6,7,7,4,6,2,5,7,33,3,3,5,3
95,1,1,5,2,6,3,7,6,7,1,6,4,7,7,6,6,5,6,6,3,7,7,4,7,6,6,4,6,4,7,6,7,7,6,7,7,7,7,7,47,1,7,12,5
96,1,1,5,2,6,6,7,7,7,4,6,6,6,4,6,7,7,6,4,2,6,6,6,7,7,6,6,7,7,7,7,5,5,6,6,7,6,7,3,46,4,4,9,5
97,1,1,5,2,6,5,6,6,2,6,6,7,6,7,7,6,5,7,2,7,7,7,6,1,6,6,6,1,2,5,3,5,7,4,4,6,5,6,6,51,2,3,7,6
98,1,1,5,2,6,7,4,5,6,7,6,7,7,6,7,6,7,5,4,7,1,7,7,7,5,2,6,7,5,6,6,7,1,6,4,6,7,6,6,34,2,2,5,7
99,1,1,5,2,6,3,6,6,3,7,3,7,4,4,2,7,5,5,6,7,6,6,7,7,7,5,7,7,6,3,7,6,7,4,2,3,4,6,7,45,1,2,8,4
100,1,1,5,2,6,7,6,6,7,6,7,5,7,5,5,7,6,6,7,7,7,4,7,6,5,3,6,5,6,5,7,7,4,6,1,7,7,7,6,15,1,3,6,2
101,1,1,5,2,6,3,3,7,6,5,5,7,7,6,3,6,6,6,6,7,7,6,5,6,7,6,4,3,7,2,7,7,7,5,7,6,7,6,7,45,1,7,9,7
102,1,1,5,2,6,5,7,7,7,7,7,3,7,7,6,7,6,6,5,7,7,7,7,6,6,5,7,7,7,7,7,7,7,6,4,6,5,7,7,47,2,6,11,3
103,1,1,5,2,6,6,3,7,5,7,7,7,7,7,7,7,7,7,5,7,7,7,7,7,6,6,5,7,6,6,7,6,7,6,7,6,3,6,5,40,1,2,5,7
104,1,1,5,2,6,7,3,6,6,5,6,6,2,6,3,4,7,7,7,5,4,7,6,6,7,7,6,3,7,6,6,6,7,5,6,6,5,7,7,46,4,4,11,2
105,1,1,5,2,6,6,6,7,7,6,5,6,5,7,2,3,5,7,6,3,7,6,6,7,7,5,7,5,2,5,2,7,6,7,7,6,6,4,5,39,3,6,1,4
106,1,1,5,2,6,6,6,7,6,7,6,7,6,6,5,4,7,6,6,2,6,6,6,5,6,5,1,7,7,5,6,6,7,2,6,7,2,6,5,42,4,7,9,3
107,1,1,5,2,6,7,7,6,3,2,5,4,5,7,7,7,7,3,5,6,7,7,7,7,7,4,7,1,4,1,7,7,7,6,6,6,6,6,7,49,3,6,8,1
108,1,1,5,2,6,4,4,7,6,6,7,4,5,6,7,7,4,7,3,7,3,2,6,7,4,7,7,7,7,4,7,2,7,6,4,7,7,7,7,35,1,2,5,3
109,1,1,5,2,6,6,4,7,4,4,7,6,3,7,7,6,3,1,2,4,1,5,6,5,7,1,6,5,6,3,6,2,6,3,5,7,6,7,6,50,4,1,9,5
110,1,1,5,2,6,7,4,4,7,7,6,6,6,4,3,7,6,6,5,6,7,7,6,7,7,7,5,4,7,4,6,4,6,6,7,2,7,7,1,37,2,6,6,6
111,1,1,5,2,6,6,6,6,6,7,6,6,1,7,7,7,7,6,7,7,6,7,6,6,7,7,3,6,6,6,7,2,7,6,1,5,2,3,5,45,2,5,4,4
112,1,1,5,2,6,7,5,6,7,6,7,7,7,5,7,6,7,6,6,7,6,7,4,6,6,6,7,4,6,6,6,6,5,5,7,7,6,7,6,50,3,1,4,4
113,1,1,5,2,6,7,7,1,5,6,2,7,7,6,7,5,7,7,7,6,6,7,7,7,6,7,6,7,7,3,3,3,4,7,3,7,6,7,6,41,3,5,10,5
114,1,1,5,2,6,4,7,6,6,6,6,7,7,7,6,7,3,6,7,7,6,2,4,7,6,7,7,5,5,6,4,7,6,7,1,5,7,6,7,38,3,7,7,4
115,1,1,5,2,6,7,5,7,7,7,6,6,4,7,5,6,6,7,6,7,6,7,7,6,7,6,7,6,7,7,6,6,7,7,6,7,5,2,7,29,2,2,6,1
116,1,1,5,2,6,2,6,7,7,5,6,6,4,7,7,6,3,6,7,6,7,7,2,7,7,6,4,6,6,6,6,3,7,7,2,1,6,4,2,40,2,6,11,5
117,1,1,5,2,6,6,7,6,6,5,7,7,6,5,6,6,2,6,6,7,7,5,7,7,7,6,5,6,6,5,7,4,5,6,7,7,7,6,6,40,1,1,10,5
118,1,1,5,2,6,3,6,6,5,7,2,5,6,7,7,6,6,7,6,7,3,2,6,7,6,6,7,2,6,6,6,1,6,7,6,7,3,3,3,36,4,6,1,6
119,1,1,5,2,6,3,6,7,6,7,7,7,7,5,4,6,7,6,6,4,7,6,4,7,7,7,5,4,6,6,5,7,7,4,6,7,7,6,7,40,1,4,11,1
120,1,1,5,2,6,5,7,7,6,5,7,6,7,5,6,5,7,4,6,7,3,6,2,6,7,7,7,6,7,7,6,3,7,7,7,6,3,6,7,34,1,2,11,2
121,1,1,5,2,6,7,6,4,7,6,7,7,4,6,7,4,7,2,7,1,6,7,7,7,6,7,6,4,4,7,6,5,7,6,5,1,4,7,6,41,2,6,13,6
122,1,1,5,2,6,6,6,7,5,1,6,2,7,5,6,7,7,7,7,7,6,6,7,6,7,6,7,7,6,6,6,6,7,6,4,6,5,6,5,44,2,5,2,5
123,1,1,5,2,6,7,5,6,6,3,7,7,6,3,7,5,7,5,2,6,6,7,6,3,4,4,6,6,7,7,6,1,7,5,6,2,2,7,2,54,2,3,8,6
124,1,1,5,2,6,5,7,6,4,6,4,7,5,7,7,7,7,3,7,7,7,6,6,7,6,4,6,6,3,7,6,6,4,1,6,6,6,7,6,49,2,6,4,4
125,1,1,5,2,6,7,6,7,7,7,4,6,6,6,4,7,3,7,7,5,7,7,6,2,6,7,7,7,7,5,7,6,1,6,4,7,5,5,4,41,3,6,13,2
126,1,1,5,2,6,5,6,7,7,7,6,6,6,7,7,7,7,7,7,4,1,6,6,7,7,7,7,7,7,6,5,5,2,3,4,7,6,6,6,26,1,4,6,6
127,1,1,5,2,6,7,7,7,6,4,2,7,7,6,4,4,6,6,6,6,6,4,6,6,6,6,5,7,7,6,3,7,6,7,3,7,6,3,7,44,1,4,8,5
128,1,1,5,2,6,6,5,6,7,4,7,7,6,2,3,4,6,5,6,2,6,7,5,6,2,6,6,7,6,7,7,7,6,3,7,6,7,6,7,29,1,3,6,4
129,1,1,5,2,6,6,5,7,6,7,6,7,7,7,4,3,4,7,7,6,6,6,6,7,6,1,6,6,7,5,6,7,6,7,4,7,7,7,2,44,3,6,12,3
130,1,1,5,2,6,6,7,7,7,6,5,3,6,7,7,4,7,3,7,7,7,7,7,7,7,6,7,7,6,7,3,4,7,6,6,7,6,4,6,46,2,6,11,6
131,1,1,5,2,6,7,7,5,7,6,5,3,5,7,3,1,2,7,7,7,7,7,6,7,6,6,6,7,7,7,4,1,5,3,4,6,7,5,6,30,2,7,12,2
132,1,1,5,2,6,7,2,5,7,6,6,3,7,1,6,6,2,6,7,1,6,7,3,1,1,4,6,6,7,5,7,1,6,7,7,7,7,7,7,35,2,4,5,1
133,1,1,5,2,6,6,6,5,6,3,6,6,6,4,6,7,7,7,7,5,3,7,7,7,6,4,6,6,6,7,2,6,6,7,7,6,7,1,7,33,3,2,10,2
134,1,1,5,2,6,7,7,6,7,6,5,6,6,6,5,7,6,6,7,6,7,7,4,6,6,3,5,7,7,6,7,7,4,2,7,6,7,5,5,41,2,1,8,5
135,1,1,5,2,6,7,7,6,6,6,5,7,6,7,1,4,4,6,6,7,7,6,7,7,7,2,7,7,7,3,6,7,1,6,6,6,7,4,7,44,2,4,9,2
136,1,1,5,2,6,7,6,5,4,7,6,3,5,5,6,7,7,5,6,7,6,4,6,7,4,7,6,7,7,4,7,1,4,7,5,6,5,6,7,47,1,5,9,4
137,1,1,5,2,6,5,7,3,4,6,2,4,7,2,7,6,5,1,7,6,4,7,6,7,5,5,4,7,6,6,7,7,2,6,7,7,6,7,7,34,3,4,4,2
138,1,1,5,2,6,6,7,4,7,7,7,6,4,6,4,6,2,5,2,7,7,7,7,4,6,6,2,5,7,6,6,6,7,7,5,6,4,7,1,50,3,1,10,2
139,1,1,5,2,6,7,7,7,5,6,1,6,7,6,7,7,5,7,6,6,7,5,7,6,7,4,6,7,6,6,7,6,7,7,7,4,5,6,5,42,2,6,12,8
140,1,1,5,2,6,1,6,4,7,7,5,6,4,5,5,6,6,6,7,7,7,7,2,7,5,7,7,7,6,7,7,7,7,7,7,1,7,7,4,52,4,6,10,2
141,1,1,5,2,6,7,7,3,6,6,6,7,2,4,6,7,3,5,7,7,6,6,6,3,4,3,7,6,7,6,7,4,6,5,1,7,6,3,7,48,1,3,1,7
142,1,1,5,2,6,6,6,7,7,6,7,6,6,6,5,4,2,5,6,5,7,6,7,7,5,6,7,7,5,7,7,7,7,5,7,7,6,5,6,25,3,5,8,4
143,1,1,5,2,6,1,7,6,7,4,6,3,7,6,7,6,5,7,2,6,7,2,6,7,3,7,1,5,7,6,6,6,6,7,6,6,4,5,6,40,1,5,12,2
144,1,1,5,2,6,6,2,6,7,5,4,5,6,7,6,6,7,6,6,7,7,7,6,3,7,7,7,6,4,4,7,5,2,7,6,6,7,7,6,54,2,2,10,6
145,1,1,5,2,6,2,6,7,7,7,7,5,7,7,6,6,4,2,7,7,5,7,7,5,3,7,4,4,3,3,7,7,6,7,5,1,7,7,7,43,1,5,10,1
146,1,1,5,2,6,1,7,4,7,7,5,6,6,7,7,7,3,4,6,7,6,4,6,2,6,7,7,6,6,7,7,7,6,7,7,6,7,7,7,23,2,2,5,2
147,1,1,5,2,6,6,6,7,6,5,4,3,5,6,5,6,2,6,7,7,7,7,5,7,6,7,7,6,6,6,7,4,6,6,5,7,6,2,4,43,1,2,12,5
148,1,1,5,2,6,2,7,7,2,6,2,1,6,5,5,5,7,7,6,4,7,7,5,7,7,6,6,7,5,6,6,7,3,5,6,7,6,7,3,39,4,3,8,6
149,1,1,5,2,6,5,7,6,7,7,7,6,1,5,7,2,7,5,3,7,3,7,7,7,6,7,7,6,6,6,6,7,4,5,6,6,7,7,6,29,1,6,6,2
150,1,1,5,2,6,5,7,7,6,5,6,7,4,6,7,7,7,7,7,7,5,5,7,7,5,5,7,7,6,7,7,7,3,7,5,4,5,4,7,47,3,1,2,6
151,1,1,5,2,6,7,6,2,3,6,6,5,7,7,6,7,7,4,5,7,6,6,6,4,7,6,6,6,4,5,7,4,5,3,7,7,3,6,6,50,3,6,8,3
152,1,1,5,2,6,7,7,7,6,6,6,4,4,7,6,7,1,6,6,6,7,7,6,4,5,6,6,6,6,6,6,7,6,7,7,2,6,7,7,34,1,1,4,4
153,1,1,5,2,6,6,7,7,6,7,7,6,7,7,7,6,5,2,4,4,5,7,7,7,3,6,7,7,7,5,6,7,4,6,7,7,7,7,7,34,3,3,4,5
154,1,1,5,2,6,4,7,7,6,5,5,3,5,6,1,7,6,6,6,6,7,6,6,6,3,6,3,7,7,7,7,6,7,6,5,6,7,6,5,33,3,5,1,5
155,1,1,5,2,6,5,7,4,4,6,7,7,7,5,5,6,7,6,6,5,7,6,5,4,7,3,7,5,6,7,6,5,6,6,7,6,5,7,7,50,1,3,13,5
156,1,1,5,2,6,5,4,5,3,7,7,6,2,6,4,5,7,7,6,7,7,7,7,5,6,6,1,7,7,5,6,7,6,1,7,2,4,4,6,36,4,2,11,2
157,1,1,5,2,6,6,7,6,7,5,6,5,7,6,6,6,7,6,6,6,7,7,6,6,6,5,6,3,7,7,6,5,5,6,7,2,1,4,7,33,1,4,3,1
158,1,1,5,2,6,6,5,2,6,6,7,7,6,4,6,7,5,7,5,3,6,7,6,7,7,6,6,7,6,1,6,5,6,7,7,4,7,5,6,41,3,5,8,7
159,1,1,5,2,6,7,5,7,7,6,6,5,6,6,4,6,5,7,6,5,7,6,7,3,6,7,6,7,7,3,3,6,7,2,7,7,2,5,6,24,1,5,9,4
160,1,1,5,2,6,1,3,6,6,7,6,5,7,6,7,7,3,5,6,7,2,4,4,6,7,6,4,6,5,7,6,7,6,5,6,6,7,4,4,22,2,3,5,7
161,1,1,5,2,6,7,7,6,6,1,7,7,7,3,7,6,7,7,3,2,7,3,6,3,6,7,7,7,3,7,7,7,6,6,7,6,6,6,5,41,4,3,7,2
162,1,1,5,2,6,7,7,4,6,7,5,2,3,6,6,7,7,7,7,6,7,2,7,7,3,5,6,7,6,2,7,6,6,4,6,7,6,7,6,53,1,2,8,5
163,1,1,5,2,6,7,5,7,5,6,4,6,5,7,6,2,7,4,7,6,4,5,4,2,6,1,2,1,7,7,5,7,6,6,7,7,6,7,5,41,2,1,10,1
164,1,1,5,2,6,7,7,6,3,7,4,6,7,6,1,5,5,1,7,7,7,6,5,6,7,7,4,6,4,7,6,6,2,7,7,3,4,7,6,46,2,6,9,1
165,1,1,5,2,6,1,6,6,5,7,6,7,6,7,7,4,7,6,7,7,6,6,2,6,3,6,7,7,7,6,6,7,6,6,7,3,7,7,4,40,3,3,7,5
166,1,1,5,2,6,7,6,4,1,6,7,7,6,7,6,3,7,1,6,7,7,1,4,5,7,7,6,5,6,6,7,6,7,4,1,4,6,1,4,42,3,2,8,2
167,1,1,5,2,6,7,7,7,6,7,6,7,7,7,6,7,6,5,6,5,7,2,7,7,7,3,7,4,1,7,7,6,6,6,7,5,7,7,4,35,3,1,1,3
168,1,1,5,2,6,6,7,6,6,6,6,6,6,5,6,4,6,7,4,7,7,7,6,3,5,5,7,2,4,7,4,6,6,6,6,6,6,7,6,37,3,3,11,3
169,1,1,5,2,6,6,6,7,4,3,4,7,6,7,4,5,7,6,6,5,5,3,5,1,6,5,7,6,7,5,7,7,2,6,4,6,7,3,6,45,3,5,3,7
170,1,1,5,2,6,6,7,6,4,4,2,6,6,6,7,7,7,7,7,7,3,5,7,7,7,7,6,6,7,7,3,4,6,6,5,6,7,7,6,35,3,1,7,4
171,1,1,5,2,6,7,6,7,7,4,7,1,7,6,7,4,6,1,7,6,7,1,6,7,6,5,7,7,7,5,3,6,7,7,7,5,7,7,6,27,1,6,5,4
172,1,1,5,2,6,5,1,5,7,5,4,6,7,6,6,6,6,1,6,6,4,7,7,6,7,5,6,6,7,7,7,7,7,4,4,4,6,3,7,32,4,3,12,4
173,1,1,5,2,6,7,6,5,7,5,7,4,6,7,5,7,7,5,1,7,6,7,4,2,6,2,6,7,7,6,2,7,7,7,7,7,7,7,5,54,2,6,4,6
174,1,1,5,2,6,6,7,4,6,7,6,4,1,4,5,3,6,1,7,1,2,7,3,4,7,6,7,2,6,4,7,5,5,4,7,7,4,4,6,34,1,7,8,5
175,1,1,5,2,6,5,5,7,6,6,7,5,3,5,6,6,6,6,7,7,5,3,2,6,6,6,2,6,7,5,3,7,2,7,7,4,6,7,6,28,1,1,3,2
176,1,1,5,2,6,5,6,7,5,3,7,6,6,7,7,7,6,7,7,2,6,5,4,4,6,7,6,6,7,6,7,5,7,7,5,6,3,3,7,31,1,2,12,6
177,1,1,5,2,6,5,6,7,7,7,7,6,7,6,6,6,6,3,6,7,5,7,7,7,7,6,6,7,6,7,7,6,5,6,6,7,5,6,1,45,1,1,9,7
178,1,1,5,2,6,2,4,7,6,6,6,6,7,5,7,7,7,5,5,1,7,7,7,1,6,6,7,7,3,7,7,3,5,6,4,6,7,7,6,34,1,3,8,2
179,1,1,5,2,6,7,7,5,7,6,2,7,5,6,6,5,6,7,6,6,6,7,4,3,6,4,7,7,7,6,7,7,7,7,5,7,7,7,1,29,2,4,7,7
180,1,1,5,2,6,3,5,7,7,7,6,2,7,6,6,7,6,5,6,7,5,3,2,6,7,3,3,4,6,3,7,4,4,4,2,6,3,4,2,36,2,6,8,3
181,1,1,5,2,6,7,7,2,6,5,5,4,7,1,4,4,7,6,6,7,5,6,5,6,4,4,4,6,6,7,5,6,7,6,7,7,3,6,4,41,2,4,3,2
182,1,1,5,2,6,2,7,6,7,7,7,7,6,7,7,6,6,3,6,7,4,3,6,7,7,6,7,4,7,7,6,3,6,7,6,2,7,5,7,42,3,6,6,4
183,1,1,5,2,6,7,7,7,5,7,3,6,3,7,6,6,6,7,6,4,6,1,7,6,6,6,6,7,6,6,6,5,6,6,6,7,7,7,7,40,2,1,4,6
184,1,1,5,2,6,7,7,6,6,5,6,5,5,7,7,7,7,6,7,7,2,6,7,7,6,7,4,7,4,7,6,7,7,7,7,7,5,7,7,28,3,6,1,3
185,1,1,5,2,6,6,6,6,5,7,6,7,7,7,6,6,7,5,5,5,7,5,4,6,6,7,7,7,6,7,6,6,6,6,6,6,2,7,7,38,4,1,5,3
186,1,1,5,2,6,6,6,7,7,3,5,1,7,6,7,5,6,7,6,6,6,4,7,4,7,7,7,4,7,7,7,7,1,7,7,6,6,4,6,42,3,4,9,7
187,1,1,5,2,6,5,3,5,7,7,6,5,6,7,2,6,6,5,5,7,6,7,6,6,7,7,7,4,6,7,7,7,6,3,3,6,7,6,7,47,1,4,10,4
188,1,1,5,2,6,7,4,7,7,6,5,4,6,6,6,4,6,7,5,6,7,5,4,6,7,4,6,6,6,3,5,6,7,6,7,6,6,6,7,25,1,1,6,1
189,1,1,5,2,6,5,6,7,6,4,6,7,2,7,3,7,7,5,2,7,3,5,2,4,6,7,1,6,7,6,7,7,6,7,7,7,7,6,3,37,3,2,8,8
190,1,1,5,2,6,3,6,6,7,7,6,7,7,7,7,5,7,4,7,6,3,3,6,3,6,5,7,6,6,3,7,6,7,2,7,7,4,7,6,48,1,6,10,7
191,1,1,5,2,6,6,6,7,1,6,5,5,7,7,6,6,5,6,7,3,5,7,6,3,7,4,7,7,7,7,7,6,5,6,3,5,7,6,6,29,2,1,11,2
192,1,1,5,2,6,7,7,7,2,6,6,7,7,4,7,5,6,7,5,6,7,6,7,7,5,7,3,2,2,5,2,2,4,7,6,7,7,5,7,51,2,5,9,3
193,1,1,5,2,6,6,6,6,7,7,6,6,7,6,7,6,7,7,6,4,7,6,6,7,6,6,6,3,6,7,7,6,2,4,5,6,6,2,7,30,1,6,5,5
194,1,1,5,2,6,7,6,6,7,6,7,4,5,2,3,7,4,7,7,7,7,4,6,6,7,3,7,7,7,2,7,7,6,2,5,6,6,5,6,31,4,6,12,6
195,1,1,5,2,6,4,6,7,6,6,7,6,7,5,6,5,4,2,5,7,7,5,4,4,4,6,6,6,2,6,5,7,7,6,7,5,5,6,4,33,2,6,1,4
196,1,1,5,2,6,7,7,6,7,7,6,6,4,7,7,6,4,6,6,3,3,4,4,6,4,7,7,6,7,7,7,6,5,6,7,6,7,7,6,46,3,3,1,4
197,1,1,5,2,6,5,7,6,7,6,7,6,7,1,7,7,7,6,7,4,7,2,1,7,6,4,5,7,3,5,7,6,7,7,7,6,7,7,6,39,2,2,3,1
198,1,1,5,2,6,5,5,6,7,6,6,3,2,1,7,6,5,6,3,7,6,6,5,4,6,7,7,7,6,6,5,2,6,7,7,6,7,5,6,37,3,6,8,3
199,1,1,5,2,6,6,5,6,7,3,6,7,6,7,6,6,7,6,7,7,2,7,7,5,6,6,6,5,4,7,4,7,1,7,7,5,7,1,6,43,2,3,12,6
200,1,1,5,2,6,6,5,6,7,4,5,6,7,2,5,6,1,3,6,6,1,7,3,6,7,6,7,6,7,7,7,7,5,6,7,1,5,6,5,41,1,4,6,8
201,1,1,5,2,6,6,6,6,6,6,6,1,1,7,6,6,5,6,7,6,7,7,7,4,3,5,4,6,6,7,7,7,6,4,6,7,7,7,6,35,1,5,8,6
202,1,1,5,2,6,7,4,6,7,2,6,6,6,6,7,7,1,3,6,1,3,7,7,7,7,7,4,7,6,6,6,7,7,7,7,7,5,7,6,36,3,4,6,8
203,1,1,5,2,6,7,7,7,6,1,6,6,6,1,4,2,7,6,7,6,6,5,6,6,7,6,6,7,7,7,1,4,6,3,7,7,7,7,6,27,2,3,6,7
204,1,1,5,2,6,3,7,2,7,7,4,6,6,3,4,6,7,7,5,7,7,7,3,6,7,7,4,2,5,2,7,7,7,5,5,6,7,4,6,46,2,4,1,1
205,1,1,5,2,6,6,5,7,7,4,3,6,5,7,4,7,7,7,7,5,6,5,7,7,5,7,7,5,7,7,6,4,4,6,6,7,6,2,7,37,2,6,6,7
206,1,1,5,2,6,5,5,7,6,6,2,7,2,7,5,6,7,6,7,7,6,7,7,6,5,5,7,3,7,7,3,7,7,7,7,6,6,5,7,35,3,6,6,7
207,1,1,5,2,6,5,3,6,4,7,7,1,6,7,7,7,7,7,5,6,6,6,6,7,7,5,7,7,5,7,7,5,7,6,6,6,7,6,5,56,1,5,13,6
208,1,1,5,2,6,6,6,1,7,3,7,7,6,7,6,6,2,6,7,5,6,6,7,5,7,7,1,4,7,3,6,6,7,7,2,7,7,7,7,36,1,3,1,6
209,1,1,5,2,6,3,7,5,7,7,7,5,7,7,7,6,1,7,5,4,7,4,7,5,7,7,6,3,7,7,7,2,7,5,6,2,3,7,7,35,1,7,13,5
210,1,1,5,2,6,6,7,6,7,3,7,4,6,4,6,4,5,7,7,7,7,4,5,7,4,6,6,7,4,6,6,7,6,4,6,5,6,7,5,36,1,1,12,6
211,1,1,5,2,6,6,5,7,6,7,7,5,6,7,6,7,6,6,5,7,3,7,4,4,6,7,7,7,6,6,7,5,4,7,7,7,6,5,7,35,3,1,13,5
212,1,1,5,2,6,5,7,5,5,2,6,3,7,6,4,6,5,5,7,6,6,5,7,5,7,1,3,7,7,6,7,4,7,4,7,6,7,6,2,51,2,4,2,1
213,1,1,5,2,6,6,7,6,3,7,3,7,6,7,6,6,7,6,6,7,7,7,7,5,7,1,4,7,7,4,5,5,4,7,7,5,7,7,7,32,2,3,2,6
214,1,1,5,2,6,6,6,5,3,6,5,7,5,7,6,6,6,7,7,7,7,3,6,7,7,3,7,5,7,6,3,7,6,7,7,6,6,7,7,42,1,4,13,1
215,1,1,5,2,6,7,7,6,6,6,6,7,4,6,6,6,7,7,7,6,4,6,6,5,7,5,5,7,6,1,3,3,6,7,3,7,6,7,6,49,3,4,12,6
216,1,1,5,2,6,6,7,7,6,7,5,7,5,4,6,7,7,7,6,5,5,7,2,6,6,7,7,7,6,7,5,2,4,4,7,6,7,6,5,29,1,5,4,4
217,1,1,5,2,6,6,5,6,6,6,7,7,7,6,6,7,7,7,3,6,5,7,7,5,6,7,7,7,6,7,3,2,6,6,6,2,7,6,7,41,4,6,1,4
218,1,1,5,2,6,3,7,4,7,6,6,6,6,1,7,3,6,7,5,7,6,6,7,4,7,6,7,7,7,6,7,6,3,7,1,4,7,5,6,39,1,3,6,2
219,1,1,5,2,6,3,4,6,2,7,6,2,6,6,6,6,6,6,6,7,6,2,3,4,5,6,7,7,7,7,3,7,7,5,4,7,7,7,5,40,1,7,12,4
220,1,1,5,2,6,7,7,7,6,5,6,6,6,6,7,6,6,5,4,6,2,7,6,6,7,7,4,4,6,7,5,5,7,7,7,6,5,4,6,42,3,5,13,5
221,1,1,5,2,6,7,6,6,2,7,5,6,4,5,7,4,3,7,3,6,7,7,7,7,7,5,6,1,7,7,5,7,7,7,4,6,6,1,7,40,3,1,3,6
222,1,1,5,2,6,6,5,5,7,6,6,6,3,4,7,4,6,7,6,6,7,6,2,6,6,7,6,6,7,7,1,7,6,3,4,3,6,1,4,44,3,6,4,4
223,1,1,5,2,6,5,4,7,7,4,7,4,6,7,6,7,6,5,3,7,7,7,6,3,1,7,6,7,7,4,7,7,5,5,7,5,3,5,6,31,2,6,3,1
224,1,1,5,2,6,7,5,5,7,4,6,6,5,2,5,7,7,7,6,7,4,6,7,6,7,7,7,6,7,7,6,4,6,7,7,7,7,6,7,34,3,5,4,8
225,1,1,5,2,6,6,7,6,4,6,4,7,7,6,7,7,3,5,5,6,7,2,7,5,5,5,7,7,7,6,1,3,7,4,7,7,7,7,4,28,3,3,5,3
226,1,1,5,2,6,7,6,7,7,6,7,1,7,7,4,6,2,4,7,7,4,3,7,5,7,3,5,5,4,7,7,4,6,7,7,5,7,5,6,44,2,2,11,5
227,1,1,5,2,6,6,5,7,5,5,3,7,6,6,6,1,2,5,7,6,2,7,7,3,7,4,5,7,6,6,6,6,6,6,6,7,6,6,4,49,2,2,9,5
228,1,1,5,2,6,6,7,5,6,6,7,6,5,6,6,7,7,7,7,6,6,7,7,7,6,7,7,6,6,4,7,3,4,4,6,7,7,7,5,47,1,2,11,6
229,1,1,5,2,6,7,3,3,6,3,7,7,4,2,7,3,4,3,1,6,7,6,7,7,6,1,7,6,7,7,6,7,6,3,7,3,6,6,6,29,2,1,9,7
230,1,1,5,2,6,5,6,3,6,7,6,4,7,7,6,3,1,7,6,7,7,6,5,7,7,7,6,2,3,4,3,3,6,7,6,1,6,7,6,47,3,7,12,2
231,1,1,5,2,6,7,2,6,6,6,6,4,2,7,6,7,3,4,7,5,4,2,7,7,5,6,6,6,7,7,6,7,6,6,4,7,6,4,6,54,2,4,12,5
232,1,1,5,2,6,7,7,2,3,6,7,7,7,6,6,7,7,6,7,7,6,4,7,4,7,4,2,7,7,6,7,7,4,7,7,5,3,6,7,31,1,6,7,2
233,1,1,5,2,6,6,6,7,4,7,4,4,7,7,7,7,6,1,7,6,7,6,6,3,7,6,7,6,6,6,7,7,1,6,6,7,5,6,7,42,4,1,10,8
234,1,1,5,2,6,6,5,6,6,2,4,5,4,4,4,7,6,6,7,7,7,7,6,6,7,7,6,7,6,6,4,3,7,6,7,7,1,7,6,22,2,6,12,1
235,1,1,5,2,6,6,6,4,6,6,7,1,7,7,7,2,2,6,7,7,2,6,6,7,3,6,6,4,4,4,4,2,7,6,7,7,7,7,6,30,3,1,1,1
236,1,1,5,2,6,7,5,5,6,6,7,7,6,4,7,5,7,6,7,7,6,3,7,7,5,7,3,5,7,6,7,7,4,6,4,7,6,6,6,29,1,7,11,1
237,1,1,5,2,6,7,7,5,7,7,7,1,7,7,6,2,7,4,7,7,7,2,5,6,5,7,7,6,7,6,6,7,7,6,4,5,5,6,6,29,2,4,11,2
238,1,1,5,2,6,7,7,7,7,7,7,7,7,7,7,7,6,4,7,6,6,6,4,3,7,6,7,7,5,6,6,7,2,7,2,7,7,7,6,40,1,3,4,2
239,1,1,5,2,6,1,7,5,7,6,7,5,4,3,6,7,5,6,6,6,5,5,6,7,6,7,7,6,7,1,7,3,4,6,7,7,7,2,6,41,2,2,7,4
240,1,1,5,2,6,5,7,6,5,7,7,2,7,6,6,5,7,6,5,7,6,6,7,7,6,4,7,6,7,3,6,5,7,7,7,6,7,3,6,26,3,5,11,1
241,1,1,5,2,6,7,7,6,4,7,6,7,7,7,6,6,7,5,7,7,6,4,6,1,7,6,6,7,3,7,6,3,6,7,6,7,7,2,6,25,1,2,6,4
242,1,1,5,2,6,2,7,7,7,7,6,7,5,6,7,2,1,6,6,6,1,6,7,7,6,6,4,6,7,5,6,7,7,7,1,2,7,7,4,31,2,3,8,1
243,1,1,5,2,6,5,3,7,6,7,6,6,7,7,7,7,6,7,4,6,6,5,6,7,7,7,6,7,7,6,3,7,7,6,7,1,5,5,7,46,2,1,5,3
244,1,1,5,2,6,2,7,1,7,3,5,4,5,6,3,5,7,6,6,7,6,6,7,6,4,4,1,6,7,7,6,2,7,2,7,5,7,6,7,46,3,6,13,1
245,1,1,5,2,6,6,5,4,7,4,1,1,7,6,7,2,7,7,7,7,1,1,6,7,7,7,7,2,6,2,6,4,3,4,7,4,6,7,4,37,3,4,1,6
246,1,1,5,2,6,6,5,3,6,2,7,5,4,6,7,6,6,7,5,6,6,7,7,7,3,7,6,5,3,2,7,7,6,6,6,7,1,5,2,52,2,6,1,1
247,1,1,5,2,6,7,7,7,7,7,3,7,7,7,4,3,7,6,1,7,5,4,7,5,7,7,6,6,7,4,7,7,6,7,7,6,6,7,7,40,3,5,4,1
248,1,1,5,2,6,6,6,6,6,7,6,6,5,6,6,5,4,5,6,7,4,6,6,5,6,7,7,7,7,6,7,7,4,7,2,6,6,7,1,33,4,4,2,4
249,1,1,5,2,6,3,6,7,6,6,5,6,7,7,7,3,6,3,4,6,5,6,7,7,7,6,5,6,6,7,2,7,6,7,1,5,7,6,4,43,2,4,7,5
250,1,1,5,2,6,5,6,7,7,3,6,7,4,3,6,7,4,6,5,4,6,7,7,4,6,2,4,7,7,6,6,3,7,4,7,7,1,6,6,42,1,6,2,2
251,1,1,5,2,6,2,6,5,7,7,7,6,6,1,3,7,6,7,7,6,6,7,5,6,1,6,5,2,7,7,6,6,7,7,7,6,7,6,3,43,3,2,5,5
252,1,1,5,2,6,5,3,6,7,7,7,7,6,7,2,6,3,7,3,6,7,6,6,6,7,6,1,7,6,5,7,4,6,7,7,7,7,7,6,36,1,3,2,5
253,1,1,5,2,6,5,6,7,6,5,7,7,7,4,6,7,7,3,6,6,6,5,6,6,6,6,7,7,6,6,6,6,7,7,2,6,7,7,6,56,3,4,3,6
254,1,1,5,2,6,7,5,4,6,2,5,7,7,7,7,7,5,6,6,7,6,5,6,4,4,6,7,6,6,7,7,1,5,4,7,7,6,7,7,41,1,5,8,3
255,1,1,5,2,6,7,4,4,1,6,5,5,7,6,7,7,4,7,6,4,6,6,7,7,7,3,6,4,2,5,2,6,4,7,6,7,6,7,6,36,2,5,10,4
256,1,1,5,2,6,7,6,6,7,4,6,6,7,6,4,7,7,7,6,6,1,3,7,6,4,6,1,7,7,5,6,7,3,7,7,7,7,6,7,32,2,4,6,3
257,1,1,5,2,6,7,1,7,7,5,6,7,7,7,3,7,7,7,7,5,7,7,6,7,2,4,2,7,5,6,5,7,6,6,7,7,6,1,7,39,4,2,12,2
258,1,1,5,2,6,3,2,6,7,6,7,6,4,6,7,7,7,7,7,7,7,7,7,6,7,6,6,5,7,7,7,7,2,3,6,6,6,1,3,41,1,1,9,3
259,1,1,5,2,6,6,7,4,7,7,7,4,6,7,6,7,6,6,7,4,5,6,3,5,5,5,4,6,7,7,6,6,4,6,2,7,7,4,7,38,4,4,5,4
260,1,1,5,2,6,6,5,7,7,6,7,7,6,5,7,7,7,7,7,7,7,5,7,1,2,6,7,6,6,6,7,6,7,7,6,6,7,6,7,32,2,3,10,7
261,1,1,5,2,6,7,7,3,7,6,7,6,3,5,4,7,5,6,7,7,6,7,7,7,6,6,7,7,5,4,3,6,5,7,5,4,7,4,7,39,1,7,3,5
262,1,1,5,2,6,7,6,6,6,7,7,5,7,7,7,6,6,7,6,7,7,6,7,7,7,3,6,7,7,7,6,6,5,5,2,7,5,6,5,44,2,4,6,2
263,1,1,5,2,6,7,2,6,5,7,7,7,7,7,6,7,6,5,7,6,6,1,6,6,4,7,4,7,6,7,6,7,7,7,7,7,7,7,2,38,3,5,9,2
264,1,1,5,2,6,6,2,3,4,5,4,5,7,7,6,7,5,7,7,6,7,1,6,6,6,6,6,7,7,7,6,4,7,7,7,2,7,7,7,52,3,6,8,8
265,1,1,5,2,6,6,1,6,7,4,6,6,6,7,5,4,7,5,4,3,5,7,6,7,1,4,7,3,7,7,6,6,6,5,6,3,6,3,6,39,4,2,3,3
266,1,1,5,2,6,7,6,5,6,6,7,4,6,4,7,7,6,7,7,5,4,6,7,6,7,7,7,7,6,6,3,6,6,4,6,6,5,7,6,41,3,3,5,7
267,1,1,5,2,6,3,6,2,5,6,6,2,7,5,7,5,7,5,7,5,7,2,5,4,6,6,6,7,6,2,7,5,3,7,6,7,6,7,6,38,2,5,5,2
268,1,1,5,2,6,4,7,7,6,1,6,7,7,6,6,3,7,4,7,7,6,6,4,5,7,6,7,7,7,4,4,6,6,7,7,6,6,5,7,25,2,6,7,3
269,1,1,5,2,6,6,2,5,1,4,2,7,7,7,7,6,7,7,6,6,4,7,7,6,6,5,6,6,6,5,2,7,6,6,4,5,5,5,7,50,2,2,13,3
270,1,1,5,2,6,7,5,6,6,6,6,7,7,6,7,5,6,6,4,6,6,6,7,6,4,3,7,7,6,2,7,7,6,4,7,5,7,6,7,49,4,5,1,1
271,1,1,5,2,6,7,6,7,7,7,4,1,7,6,6,7,7,6,7,5,4,6,7,5,7,7,6,2,7,2,5,6,6,6,6,7,7,7,7,38,2,5,10,3
272,1,1,5,2,6,6,7,6,7,7,6,7,6,7,7,5,5,7,5,6,6,6,4,1,6,2,7,5,2,7,6,3,5,7,5,4,6,7,5,36,4,5,12,4
273,1,1,5,2,6,6,4,6,7,6,7,4,6,6,4,7,6,6,4,7,7,6,7,6,1,7,6,6,7,7,7,1,6,5,7,7,4,6,6,45,3,4,12,2
274,1,1,5,2,6,5,5,6,6,6,7,6,2,4,6,6,6,7,6,7,7,4,7,6,7,6,7,1,7,3,7,6,6,4,7,7,3,4,4,42,1,1,7,1
275,1,1,5,2,6,6,4,6,4,6,7,7,7,6,7,7,1,7,5,3,7,7,5,7,7,7,4,6,7,7,6,7,7,4,7,3,7,6,4,36,1,6,12,2
276,1,1,5,2,6,7,7,7,7,7,7,1,7,1,6,7,6,7,6,6,2,4,5,6,4,7,7,7,6,7,2,6,6,7,7,7,5,7,6,45,3,5,9,6
277,1,1,5,2,6,2,7,6,7,5,4,7,7,7,7,5,7,7,7,6,6,4,4,7,7,6,1,6,2,5,4,7,3,1,6,7,2,7,6,45,3,5,6,3
278,1,1,5,2,6,7,7,4,4,4,7,6,6,7,6,7,7,7,7,3,7,6,6,7,6,7,6,7,4,2,7,2,6,4,7,6,7,7,6,34,2,6,7,5
279,1,1,5,2,6,7,7,6,1,6,6,6,7,7,7,3,6,6,5,4,6,7,7,6,6,6,6,7,7,5,6,5,7,7,6,2,4,7,7,48,2,1,11,1
280,1,1,5,2,6,7,7,7,6,6,7,7,7,2,7,6,7,6,5,3,7,6,7,7,4,6,5,4,7,7,7,6,7,5,7,2,1,5,6,50,2,4,2,3
281,1,1,5,2,6,6,4,7,6,7,6,7,5,2,7,3,7,1,6,6,5,6,4,3,1,7,6,7,7,7,6,7,7,7,7,7,6,6,7,41,3,1,7,6
282,1,1,5,2,6,4,7,6,6,2,7,6,7,7,6,6,7,1,7,6,7,7,6,7,3,6,7,7,5,7,5,3,4,7,6,6,5,4,7,35,1,4,9,7
283,1,1,5,2,6,7,7,5,1,7,7,7,4,6,7,4,5,6,7,7,6,7,6,7,1,7,6,1,7,4,7,6,5,5,4,4,7,5,6,43,3,3,2,2
284,1,1,5,2,6,7,6,7,4,7,3,7,7,7,7,7,6,6,6,4,6,7,7,7,7,5,7,7,5,7,6,7,2,5,6,7,6,6,7,35,3,5,10,6
285,1,1,5,2,6,7,6,2,7,6,4,7,7,5,6,4,6,7,7,3,4,4,7,3,7,7,7,7,7,6,6,7,6,7,6,6,6,6,7,39,1,3,3,2
286,1,1,5,2,6,4,4,7,6,7,5,6,7,6,4,3,7,5,6,7,7,6,7,6,7,1,4,1,3,6,6,2,6,7,7,7,6,6,7,44,1,2,6,6
287,1,1,5,2,6,1,6,6,7,1,7,5,6,5,4,7,6,6,3,1,2,6,2,7,6,7,5,7,6,7,6,7,4,7,7,5,7,6,7,41,4,5,6,2
288,1,1,5,2,6,7,7,7,1,7,2,5,7,6,3,7,6,2,6,6,7,7,6,6,5,4,7,7,7,6,6,5,7,7,5,6,4,3,7,60,1,2,10,4
289,1,1,5,2,6,5,6,2,4,7,7,7,7,7,7,5,4,6,7,7,7,7,7,7,6,3,7,4,7,7,7,6,4,6,7,5,7,5,7,46,4,4,12,4
290,1,1,5,2,6,7,6,5,6,6,7,6,5,6,7,3,7,7,7,6,6,5,5,7,2,6,6,7,7,6,7,7,6,6,6,6,4,6,6,37,1,6,7,7
291,1,1,5,2,6,3,6,4,3,5,7,6,1,6,7,7,7,7,1,5,7,7,4,4,4,7,5,6,6,3,7,6,6,7,5,6,6,6,6,34,1,2,2,1
292,1,1,5,2,6,6,2,7,7,6,6,6,7,7,6,7,7,6,6,7,6,5,6,7,7,3,6,5,7,6,4,7,6,7,7,7,6,7,6,49,3,1,6,8
293,1,1,5,2,6,7,6,6,6,7,6,6,5,6,7,2,5,7,5,7,7,6,6,6,7,7,6,7,7,6,1,7,7,6,6,6,6,7,7,37,3,4,9,4
294,1,1,5,2,6,2,6,5,6,7,7,6,6,2,6,7,6,4,4,6,7,7,5,6,7,2,7,7,7,3,5,5,6,4,5,7,7,7,6,59,2,5,8,8
295,1,1,5,2,6,6,7,7,6,4,6,4,6,6,7,7,4,6,6,7,6,6,7,6,4,6,1,6,7,7,3,4,6,7,6,7,4,6,5,49,4,3,4,5
296,1,1,5,2,6,7,5,6,1,5,2,6,2,7,7,6,6,6,6,6,5,6,6,6,3,7,5,1,6,7,7,4,7,6,4,4,7,2,7,43,4,4,7,5
297,1,1,5,2,6,1,6,7,6,7,6,7,6,7,6,2,5,7,7,6,7,6,2,7,7,7,6,7,4,7,7,7,5,2,6,2,7,1,7,33,2,4,1,4
298,1,1,5,2,6,7,4,6,1,6,7,7,2,7,7,7,6,1,3,7,6,2,6,6,6,3,7,6,7,7,2,7,7,6,6,6,7,5,6,44,1,1,6,3
299,1,1,5,2,6,7,6,6,7,5,3,7,6,6,7,3,6,7,6,6,7,7,5,6,7,7,6,2,7,7,6,6,2,7,6,7,6,7,3,31,3,5,8,5
300,1,1,5,2,6,4,5,2,5,7,7,4,6,7,5,7,7,2,6,6,6,7,5,6,7,7,4,2,6,6,6,6,4,6,7,6,7,4,6,37,2,5,9,1
301,1,2,5,2,6,1,3,1,3,1,2,6,2,4,5,3,1,7,1,2,6,1,1,1,6,1,3,1,2,2,3,1,2,4,2,3,5,2,1,43,3,6,6,5
302,1,2,5,2,6,3,1,4,1,3,1,1,7,1,7,2,1,2,4,3,2,1,2,2,4,4,1,2,1,5,2,1,1,4,2,4,1,2,1,27,2,2,2,7
303,1,2,5,2,6,2,1,2,1,5,2,1,7,3,1,4,1,1,1,2,2,6,1,1,2,2,1,1,1,3,4,1,4,1,3,1,2,1,1,42,4,6,6,4
304,1,2,5,2,6,1,1,1,5,2,2,1,2,2,2,1,5,1,4,4,7,3,2,1,1,2,2,1,1,2,1,2,3,1,2,3,2,1,2,30,2,5,11,7
305,1,2,5,2,6,1,2,1,2,1,1,2,4,1,3,2,5,2,6,2,2,2,2,1,2,5,1,1,3,1,5,5,1,1,1,4,7,2,2,33,1,3,11,2
306,1,2,5,2,6,1,1,1,2,1,2,2,3,2,3,1,1,3,4,7,1,2,1,1,4,2,6,2,1,1,1,3,4,2,1,5,2,2,5,25,3,5,3,5
307,1,2,5,2,6,1,3,3,5,1,1,1,1,2,1,1,2,1,4,2,4,3,4,2,2,2,1,1,6,3,2,1,4,1,1,1,2,1,1,48,3,1,11,7
308,1,2,5,2,6,2,5,3,2,1,3,2,1,2,3,2,2,5,4,4,6,1,2,2,4,2,3,2,2,2,2,1,2,1,1,2,1,2,2,35,3,3,11,7
309,1,2,5,2,6,4,2,1,1,1,3,1,1,1,1,2,1,1,2,2,4,2,1,5,2,5,2,1,1,2,2,5,1,1,6,2,2,1,1,43,1,2,1,2
310,1,2,5,2,6,1,2,4,2,1,1,2,2,2,1,1,2,2,2,7,1,4,7,4,3,2,3,4,3,4,3,1,2,2,2,1,2,2,7,47,3,6,1,4
311,1,2,5,2,6,1,1,1,2,5,1,6,1,3,6,1,2,2,5,4,4,1,2,1,1,2,1,2,6,1,4,1,2,1,1,2,7,3,4,46,3,6,12,6
312,1,2,5,2,6,1,1,1,4,2,1,1,1,6,2,3,1,1,2,2,4,4,3,1,3,2,1,1,1,1,7,2,3,7,1,6,2,2,1,41,1,5,7,7
313,1,2,5,2,6,1,3,4,1,1,1,4,1,1,1,1,6,1,3,1,7,3,4,4,5,1,1,7,1,1,2,3,6,2,1,2,2,1,1,23,3,3,4,3
314,1,2,5,2,6,4,1,2,1,2,1,1,1,1,2,2,3,4,5,2,1,1,7,6,4,1,2,2,3,2,2,1,4,4,1,1,1,2,2,47,2,5,2,2
315,1,2,5,2,6,1,3,1,7,2,1,2,7,7,2,1,1,5,1,1,2,1,2,2,3,1,4,2,4,1,5,6,1,3,7,1,2,3,1,43,1,2,6,1
316,1,2,5,2,6,2,2,5,1,1,2,1,6,2,1,2,1,1,1,2,1,5,2,5,1,3,2,1,1,2,1,1,1,1,1,1,1,1,6,52,3,2,8,5
317,1,2,5,2,6,2,3,1,3,1,2,1,2,3,2,5,2,1,2,6,5,3,2,1,2,2,3,2,7,2,1,2,2,1,4,1,2,3,3,38,1,6,6,2
318,1,2,5,2,6,1,2,1,6,1,2,5,2,5,6,1,6,1,2,6,3,2,2,1,2,1,2,2,4,1,5,1,3,3,2,1,6,5,7,34,2,5,2,2
319,1,2,5,2,6,2,2,3,2,2,2,1,1,1,2,1,2,1,2,7,2,6,1,4,1,2,1,3,1,4,4,2,2,4,2,2,1,2,2,57,1,1,11,4
320,1,2,5,2,6,1,1,1,4,1,2,2,1,1,2,2,2,2,6,5,2,2,1,3,1,1,1,1,4,2,4,2,1,1,1,1,2,2,2,27,3,6,3,8
321,1,2,5,2,6,1,1,1,3,1,5,1,4,2,5,1,1,3,3,2,1,4,6,1,6,1,1,3,1,2,1,4,1,3,1,6,1,2,2,34,1,2,9,6
322,1,2,5,2,6,4,5,1,5,3,2,6,1,5,5,6,5,1,2,1,2,1,1,7,1,3,1,1,3,1,3,2,1,1,5,1,1,1,2,44,3,3,11,2
323,1,2,5,2,6,2,1,2,5,2,2,1,5,1,1,5,1,1,2,2,1,1,1,2,1,6,1,2,2,2,1,2,2,1,6,4,2,6,1,40,1,5,5,7
324,1,2,5,2,6,1,2,2,1,5,2,1,2,2,2,2,1,1,1,2,2,2,1,1,1,6,1,1,1,1,2,2,2,1,1,1,7,2,6,32,4,2,10,7
325,1,2,5,2,6,1,1,1,2,1,1,1,1,1,2,1,1,2,2,2,1,7,2,1,1,2,1,2,1,1,3,3,4,7,3,1,6,1,5,32,2,4,10,2
326,1,2,5,2,6,5,3,3,1,1,1,3,7,7,2,1,4,1,3,1,1,3,1,1,3,1,2,1,4,3,1,1,2,1,2,1,1,1,4,43,2,6,10,1
327,1,2,5,2,6,2,1,2,1,2,1,1,1,2,3,1,2,4,1,4,1,4,2,3,1,4,1,1,2,5,1,2,1,2,1,1,1,2,2,39,3,7,11,4
328,1,2,5,2,6,2,2,4,1,1,1,1,2,4,2,2,2,2,4,1,2,2,5,3,1,2,2,2,2,2,1,3,1,1,5,1,1,1,2,34,3,6,5,5
329,1,2,5,2,6,1,3,2,1,5,2,4,1,2,2,6,1,1,2,1,2,3,4,1,1,1,1,1,4,1,2,1,3,1,4,1,2,2,1,31,2,3,11,5
330,1,2,5,2,6,3,3,1,1,1,1,1,2,1,3,1,2,1,2,3,3,1,2,4,1,5,1,3,1,2,1,3,2,2,2,6,2,4,1,37,3,1,1,6
331,1,2,5,2,6,1,2,2,1,1,1,2,1,2,1,1,4,1,3,5,2,2,2,4,1,5,2,5,2,1,2,7,2,2,2,3,1,1,5,33,3,2,1,3
332,1,2,5,2,6,2,3,5,2,4,3,1,2,1,1,1,1,3,1,3,1,3,2,1,1,4,3,1,3,2,2,2,4,2,4,1,2,1,5,55,1,5,10,1
333,1,2,5,2,6,2,1,3,1,6,2,2,2,1,1,1,1,1,2,2,6,1,2,1,1,1,2,2,2,3,1,3,7,2,3,1,6,2,2,52,2,1,6,4
334,1,2,5,2,6,4,2,2,1,2,4,2,1,1,2,5,4,2,3,1,1,1,3,7,2,1,5,1,1,1,2,2,2,2,2,3,5,1,4,40,2,6,5,2
335,1,2,5,2,6,7,2,2,1,1,1,1,6,1,1,6,2,3,6,1,2,3,1,2,1,1,2,1,4,1,6,2,2,1,2,2,2,2,1,47,2,6,10,2
336,1,2,5,2,6,2,1,2,3,2,7,1,1,2,1,1,4,7,2,1,1,2,1,2,1,6,2,2,2,1,2,3,1,2,1,1,5,6,4,37,3,7,8,4
337,1,2,5,2,6,2,4,1,2,7,1,2,1,4,1,4,1,2,1,4,2,1,2,2,2,2,1,5,1,2,2,3,2,2,1,2,1,2,2,43,1,5,6,2
338,1,2,5,2,6,6,5,1,1,5,5,5,1,3,2,2,3,3,2,1,4,1,4,1,1,2,2,7,2,6,4,2,1,1,1,1,1,1,3,41,3,1,2,4
339,1,2,5,2,6,1,2,1,1,1,3,1,5,4,4,1,2,2,2,5,2,2,1,3,1,2,1,1,1,1,5,2,2,1,2,1,4,1,1,45,2,5,2,4
340,1,2,5,2,6,1,1,1,1,1,2,1,3,3,1,1,1,1,4,1,1,4,4,1,1,1,1,5,2,1,1,1,1,1,1,3,2,2,1,26,2,4,3,1
341,1,2,5,2,6,2,3,1,1,4,6,2,4,4,3,3,7,2,6,1,5,6,4,2,1,1,1,1,1,4,2,1,4,1,2,3,2,2,1,42,2,4,8,1
342,1,2,5,2,6,3,3,2,2,1,6,1,4,4,1,1,1,2,1,2,1,4,5,2,1,2,4,2,1,3,4,1,3,2,2,2,5,1,5,31,2,2,9,3
343,1,2,5,2,6,3,1,2,5,1,3,2,2,2,2,2,2,2,1,1,2,1,4,2,1,1,1,2,4,1,1,1,7,5,2,1,4,1,2,36,1,1,3,7
344,1,2,5,2,6,5,2,1,5,1,1,6,2,1,2,1,2,1,2,1,5,2,1,1,2,1,1,1,1,1,1,2,5,4,2,2,2,1,5,35,4,1,7,7
345,1,2,5,2,6,7,2,5,1,2,2,1,2,1,1,1,5,5,3,1,4,1,5,3,1,1,2,1,7,1,2,4,2,2,2,2,1,2,2,35,1,7,8,5
346,1,2,5,2,6,1,2,2,2,1,1,2,5,1,1,2,1,1,1,5,1,2,2,5,3,2,1,1,2,1,3,1,2,3,2,1,1,1,1,37,1,2,12,6
347,1,2,5,2,6,1,1,1,1,4,2,2,3,2,7,3,4,1,2,1,1,2,2,1,1,4,1,1,2,2,6,1,2,4,2,1,4,1,1,26,2,3,1,7
348,1,2,5,2,6,2,1,2,2,2,1,1,1,5,1,7,2,2,7,2,3,1,1,2,1,2,3,1,2,2,1,5,1,3,3,3,4,1,2,26,3,5,12,3
349,1,2,5,2,6,1,1,5,2,2,1,4,2,2,2,1,4,5,2,2,2,2,2,1,3,5,1,1,2,6,1,3,1,2,2,1,2,7,2,43,2,3,7,3
350,1,2,5,2,6,2,2,3,1,2,2,1,2,4,1,7,2,1,2,2,2,1,6,2,1,1,2,1,1,1,2,3,3,1,1,2,1,5,1,37,2,4,6,1
351,1,2,5,2,6,2,2,2,2,2,1,2,1,1,7,2,1,1,2,1,2,5,2,1,4,2,4,2,5,3,1,1,1,6,1,1,1,5,2,60,3,2,10,3
352,1,2,5,2,6,2,4,6,4,2,2,1,1,1,4,1,3,3,3,2,2,1,2,2,3,2,1,2,3,2,2,2,3,1,1,1,2,3,1,49,1,5,9,3
353,1,2,5,2,6,3,5,2,1,2,7,2,1,3,1,4,1,2,3,2,3,1,7,1,2,6,1,1,1,2,1,1,1,1,1,2,1,2,2,42,2,1,4,1
354,1,2,5,2,6,1,4,1,3,2,4,4,1,2,2,2,2,1,4,3,2,1,2,1,1,1,5,1,1,1,2,4,1,3,2,4,1,5,2,47,1,1,9,2
355,1,2,5,2,6,2,1,2,1,1,3,1,1,3,2,2,7,1,1,1,2,2,1,6,1,4,1,1,1,7,4,1,4,1,2,1,1,1,7,30,4,1,8,6
356,1,2,5,2,6,4,2,1,1,1,4,1,1,1,1,3,3,2,5,2,1,3,3,4,3,2,7,2,1,1,1,3,1,1,7,2,2,6,1,42,3,4,4,7
357,1,2,5,2,6,1,7,1,1,1,6,2,2,6,4,2,1,1,1,1,1,1,1,1,1,3,1,1,2,5,2,1,2,3,2,1,2,1,1,44,3,3,4,5
358,1,2,5,2,6,7,1,1,1,4,2,1,6,3,2,5,2,1,1,2,1,2,3,1,3,2,1,7,3,7,1,1,7,1,2,2,2,2,1,33,1,4,8,3
359,1,2,5,2,6,1,2,1,2,1,2,1,1,2,1,4,2,3,4,2,1,2,7,1,1,2,1,1,1,6,5,1,4,2,5,5,5,4,2,46,2,1,4,2
360,1,2,5,2,6,1,3,3,2,3,1,2,4,1,2,7,2,6,3,5,5,4,1,1,2,6,1,1,2,1,3,2,5,2,2,7,2,1,7,28,3,2,1,2
361,1,2,5,2,6,1,1,2,2,3,2,5,3,1,6,2,1,1,3,3,7,6,1,5,6,1,4,2,4,3,1,1,1,3,1,7,4,1,2,42,3,2,2,6
362,1,2,5,2,6,2,4,1,5,1,1,4,1,1,4,2,4,5,1,2,1,3,1,2,1,2,2,1,5,2,7,1,2,2,1,1,7,6,2,42,1,2,7,4
363,1,2,5,2,6,3,1,1,2,3,1,2,1,1,2,2,2,2,1,4,4,1,1,3,1,3,1,2,2,4,4,3,3,7,1,4,1,3,1,26,3,4,8,6
364,1,2,5,2,6,1,5,7,1,3,1,7,1,2,4,2,1,2,1,3,2,4,5,7,2,3,1,2,2,1,3,2,1,1,4,2,2,1,7,58,4,3,5,5
365,1,2,5,2,6,4,3,1,1,1,3,2,1,4,2,4,5,2,2,1,1,3,3,2,1,2,3,2,1,1,1,5,1,2,1,1,4,7,2,39,1,1,3,7
366,1,2,5,2,6,4,4,1,7,1,2,6,3,1,1,1,1,2,3,4,1,2,2,2,7,2,1,1,5,1,6,2,1,3,2,1,1,1,1,61,2,1,8,1
367,1,2,5,2,6,3,4,2,1,4,7,6,5,1,2,2,1,1,1,1,1,7,6,4,1,5,2,1,1,2,1,2,1,1,1,2,2,1,1,54,4,1,10,3
368,1,2,5,2,6,1,4,1,1,1,4,1,1,1,7,2,4,2,2,4,1,3,1,6,4,1,4,4,1,1,1,2,3,2,2,2,5,1,6,60,2,2,10,1
369,1,2,5,2,6,1,2,2,1,1,5,3,2,3,6,5,1,3,3,3,1,1,1,3,3,1,2,2,1,2,1,3,2,6,2,1,4,1,1,37,4,1,9,1
370,1,2,5,2,6,6,1,1,4,1,4,2,7,3,3,4,2,1,7,1,1,1,2,1,2,2,5,1,3,3,1,2,2,3,1,1,3,1,4,40,1,1,7,3
371,1,2,5,2,6,1,4,5,6,1,7,1,4,1,5,6,1,2,2,2,2,2,3,1,1,4,1,7,1,1,2,1,2,2,2,4,4,1,3,39,1,5,4,5
372,1,2,5,2,6,2,2,1,4,2,1,7,2,1,3,4,1,6,1,1,2,5,2,2,2,1,3,2,2,1,2,6,1,3,1,1,1,4,5,42,3,6,7,2
373,1,2,5,2,6,2,6,5,7,1,1,1,1,2,7,1,2,2,7,3,3,1,6,1,4,3,1,1,1,7,2,4,1,2,2,1,1,2,2,33,2,7,11,7
374,1,2,5,2,6,1,2,2,1,4,1,1,1,2,1,2,1,5,3,1,6,2,4,1,2,1,3,1,2,1,1,1,1,1,2,1,3,2,2,36,1,4,6,6
375,1,2,5,2,6,6,5,2,1,1,2,5,2,5,1,1,4,1,2,7,2,4,4,4,1,3,3,3,3,7,1,6,1,6,1,2,2,1,1,54,2,2,10,6
376,1,2,5,2,6,1,2,4,1,4,1,1,5,5,1,6,2,6,2,4,3,1,1,1,1,1,2,4,4,1,1,2,1,1,3,3,2,2,1,30,3,3,2,4
377,1,2,5,2,6,1,5,2,2,1,1,6,2,4,1,5,4,1,1,1,1,2,1,7,3,2,1,1,4,1,2,5,1,3,2,2,1,1,1,32,1,2,8,4
378,1,2,5,2,6,2,1,2,2,5,4,1,2,2,1,6,1,1,2,1,2,1,2,2,2,3,2,2,2,2,2,2,1,2,1,6,2,1,1,25,3,6,11,6
379,1,2,5,2,6,2,1,3,1,1,3,3,1,1,4,6,1,5,1,2,1,1,1,1,1,1,7,1,2,3,1,2,1,2,4,2,2,1,1,46,3,5,4,2
380,1,2,5,2,6,6,4,2,2,1,2,1,3,5,1,4,2,2,1,7,2,2,1,4,4,1,5,7,1,2,4,1,6,1,5,6,2,2,1,43,2,6,9,1
381,1,2,5,2,6,1,1,1,1,4,1,4,2,1,3,1,1,1,2,1,2,7,1,2,1,2,1,1,2,2,1,1,1,3,2,3,6,1,2,35,2,5,2,7
382,1,2,5,2,6,1,2,2,2,3,2,1,5,3,2,4,1,1,2,1,1,1,1,1,2,1,3,1,4,3,1,1,2,1,1,4,2,7,2,44,1,5,9,3
383,1,2,5,2,6,1,1,2,2,1,1,1,2,2,7,4,1,4,1,4,1,1,5,1,2,1,1,4,1,6,2,2,2,1,2,1,2,2,1,40,2,2,5,2
384,1,2,5,2,6,2,1,1,1,1,4,2,1,2,1,2,1,7,1,1,2,7,6,1,2,1,4,1,5,2,1,1,3,2,1,2,1,3,1,24,2,3,5,2
385,1,2,5,2,6,1,2,1,1,1,1,1,4,1,4,2,1,1,2,3,2,4,1,6,4,3,2,2,1,2,2,2,2,2,1,1,1,7,1,29,1,5,11,4
386,1,2,5,2,6,5,1,1,4,4,6,3,2,4,4,3,1,2,4,1,1,2,2,2,1,7,2,2,1,1,2,5,2,1,2,1,2,1,2,46,1,6,12,7
387,1,2,5,2,6,2,1,4,1,6,1,5,5,1,2,1,3,4,7,2,1,6,1,5,1,6,6,2,3,2,2,3,5,1,1,7,1,3,1,36,3,6,7,2
388,1,2,5,2,6,7,1,5,1,5,2,1,1,4,3,1,2,1,1,6,5,1,6,6,1,1,2,2,1,1,2,5,1,6,1,2,4,2,1,35,2,2,7,2
389,1,2,5,2,6,2,1,2,7,1,2,1,3,1,1,1,1,3,2,5,1,7,3,1,1,3,1,2,1,6,1,4,1,1,1,3,1,7,2,28,4,5,9,3
390,1,2,5,2,6,6,3,1,2,2,4,7,2,4,1,1,1,7,2,3,1,4,2,2,3,2,1,2,6,1,2,2,1,4,1,1,1,3,3,44,3,3,11,4
391,1,2,5,2,6,1,1,4,1,1,3,1,1,6,2,2,2,2,1,4,1,1,1,2,1,1,1,7,1,1,2,2,2,6,1,7,1,2,5,37,2,4,3,3
392,1,2,5,2,6,1,1,1,3,1,1,1,2,1,6,3,2,3,1,2,2,3,7,1,1,1,1,4,6,5,3,4,1,5,3,2,1,1,6,39,1,2,3,3
393,1,2,5,2,6,1,4,2,3,2,1,1,2,6,4,2,1,2,1,2,1,1,1,2,1,6,3,6,2,2,2,1,2,2,1,3,5,1,1,35,3,1,11,1
394,1,2,5,2,6,2,1,1,1,2,3,5,6,2,3,5,1,1,2,4,4,5,1,3,2,2,1,6,1,3,1,1,4,1,4,1,6,2,1,33,1,1,3,7
395,1,2,5,2,6,1,2,1,1,1,3,1,2,4,2,1,6,1,2,1,1,1,4,2,2,2,1,2,1,2,3,7,2,1,1,5,1,1,6,31,2,1,10,7
396,1,2,5,2,6,1,1,2,1,2,1,6,2,4,3,2,2,3,2,6,1,3,6,1,1,1,1,2,2,1,3,1,2,4,3,1,2,2,1,34,1,5,11,3
397,1,2,5,2,6,2,1,4,1,1,1,1,3,4,6,4,5,1,1,1,1,6,3,2,1,1,4,2,6,5,2,1,3,1,2,2,3,4,1,31,3,5,5,7
398,1,2,5,2,6,1,1,1,1,1,2,3,1,1,1,2,1,1,4,2,1,2,3,1,1,2,6,2,6,2,1,1,2,1,1,1,5,1,1,20,2,1,7,6
399,1,2,5,2,6,5,1,3,2,2,1,3,2,1,2,2,2,5,4,2,1,1,2,4,2,4,2,3,1,2,2,2,6,2,1,2,4,2,2,43,3,2,2,6
400,1,2,5,2,6,2,1,1,1,2,2,3,1,3,2,3,2,1,1,2,1,1,2,5,4,7,1,2,1,3,1,6,1,1,1,1,3,1,2,30,2,6,10,8
401,1,2,5,2,6,1,3,2,2,2,2,2,1,5,1,5,1,2,2,6,2,3,2,3,2,6,1,4,2,2,1,2,1,3,2,2,4,1,1,39,2,3,13,6
402,1,2,5,2,6,1,1,3,1,1,3,2,2,1,2,3,5,1,2,4,2,1,2,7,2,2,3,1,2,1,1,1,1,6,4,4,4,1,5,49,3,2,2,7
403,1,2,5,2,6,1,3,1,1,1,2,1,2,1,1,2,4,2,3,6,1,1,1,2,2,1,1,4,1,2,2,1,2,4,2,3,3,1,1,44,3,4,11,3
404,1,2,5,2,6,2,2,3,2,1,1,1,2,1,2,2,1,2,5,1,6,3,2,1,1,1,1,1,7,7,1,4,2,1,3,1,4,6,5,41,2,5,10,6
405,1,2,5,2,6,3,1,1,5,2,3,4,5,1,3,2,4,2,2,5,2,1,6,1,2,2,1,1,1,2,3,3,2,2,1,1,1,1,2,45,4,6,1,5
406,1,2,5,2,6,2,1,1,2,2,4,3,1,1,3,2,1,4,1,1,2,1,2,2,1,1,3,1,3,1,1,1,2,1,2,1,3,5,2,48,2,6,6,5
407,1,2,5,2,6,3,1,2,1,2,5,2,1,2,2,3,2,4,1,2,2,1,1,2,3,1,7,3,1,5,2,4,2,1,4,3,1,2,1,39,2,6,8,4
408,1,2,5,2,6,1,5,3,4,6,1,2,1,1,1,3,1,2,1,4,1,1,4,3,1,6,1,3,1,2,6,3,2,1,1,6,4,2,3,31,1,6,11,6
409,1,2,5,2,6,5,3,1,2,2,5,6,1,2,2,1,3,2,1,1,2,4,1,1,1,3,1,4,6,1,1,2,7,1,1,1,4,2,4,46,3,1,4,5
410,1,2,5,2,6,6,1,2,1,2,1,1,4,1,4,2,3,4,1,2,1,2,2,2,5,2,1,1,6,2,2,1,1,6,2,4,4,1,2,41,3,7,1,8
411,1,2,5,2,6,2,3,3,4,3,5,1,1,2,3,7,1,3,2,1,1,2,1,1,2,1,2,2,4,2,1,1,2,2,5,3,6,4,2,39,3,6,9,1
412,1,2,5,2,6,2,3,1,1,1,2,1,1,1,4,1,4,1,2,2,1,2,2,3,1,5,5,2,5,3,2,7,1,2,2,3,1,6,1,56,1,6,3,1
413,1,2,5,2,6,1,1,3,2,2,2,4,2,1,1,4,4,2,5,2,1,2,4,3,2,1,2,2,2,1,4,2,2,1,1,1,2,2,1,35,1,4,6,6
414,1,2,5,2,6,2,3,1,2,1,2,1,1,1,4,3,1,2,1,1,2,4,2,3,1,1,2,6,2,1,4,1,1,4,1,1,4,4,1,51,3,2,6,3
415,1,2,5,2,6,1,2,1,7,2,3,1,2,1,2,2,1,4,1,2,6,1,4,5,1,1,1,7,1,1,5,6,1,7,4,2,1,1,1,41,1,3,8,1
416,1,2,5,2,6,2,3,1,1,2,1,2,1,3,1,1,4,1,1,4,1,5,1,1,4,1,3,4,1,2,3,7,6,6,3,1,2,3,3,44,1,1,13,7
417,1,2,5,2,6,4,4,5,1,1,1,1,3,1,2,1,1,2,3,2,2,1,1,2,1,3,2,3,2,2,6,2,1,3,2,2,1,1,5,33,3,6,2,4
418,1,2,5,2,6,3,2,1,3,2,4,2,5,2,1,1,1,5,1,6,2,1,1,5,1,2,2,2,1,1,2,1,2,3,1,2,2,2,1,34,3,1,11,7
419,1,2,5,2,6,5,3,1,4,5,1,3,1,1,2,2,1,5,3,5,2,7,1,2,3,7,4,1,6,2,1,3,3,2,2,4,1,1,3,37,1,1,6,7
420,1,2,5,2,6,1,1,1,2,2,2,2,7,1,6,1,6,1,1,5,2,1,1,7,1,3,3,3,1,2,1,1,4,2,1,3,2,2,2,43,2,2,7,3
421,1,2,5,2,6,4,6,3,4,1,3,7,1,4,3,2,7,5,1,2,6,2,3,1,1,2,1,1,4,2,4,2,2,1,4,1,1,4,2,34,1,5,5,6
422,1,2,5,2,6,5,4,3,7,2,3,5,1,2,2,1,1,1,1,2,1,5,1,2,5,6,2,1,1,4,2,6,2,5,2,7,4,2,7,47,1,2,1,4
423,1,2,5,2,6,1,2,1,2,5,4,2,4,1,6,2,2,1,4,4,1,1,3,2,2,1,2,2,2,5,2,3,3,1,1,2,2,5,2,46,3,4,13,5
424,1,2,5,2,6,7,1,2,4,1,3,2,2,4,3,7,4,2,3,1,2,2,5,2,1,7,5,1,1,6,4,1,1,5,1,6,1,1,1,41,2,2,7,2
425,1,2,5,2,6,2,5,2,1,2,1,2,4,1,1,5,2,1,1,2,1,4,2,2,1,1,1,1,2,4,1,3,5,3,1,1,1,7,2,47,1,2,1,2
426,1,2,5,2,6,2,1,3,3,1,5,2,1,3,1,1,2,2,7,1,1,1,1,1,7,1,5,5,1,1,1,1,2,1,1,1,1,1,7,39,3,6,13,7
427,1,2,5,2,6,1,4,1,4,2,1,5,4,2,1,1,2,2,2,1,1,2,6,1,1,1,2,1,1,7,2,4,2,4,2,3,3,2,1,26,3,2,1,5
428,1,2,5,2,6,2,6,2,1,1,4,3,3,1,6,2,2,2,2,2,2,4,4,3,1,4,2,2,1,1,1,2,2,1,4,4,2,1,1,36,1,2,1,8
429,1,2,5,2,6,1,4,2,1,2,1,1,4,2,5,1,1,4,3,2,2,1,1,1,1,1,2,2,2,2,1,2,1,1,1,2,2,2,1,39,3,2,10,2
430,1,2,5,2,6,1,2,1,1,7,1,3,1,2,1,2,2,2,1,1,1,1,2,1,1,1,5,2,3,2,1,7,3,3,2,2,2,6,1,46,3,5,5,4
431,1,2,5,2,6,1,3,1,5,1,1,1,4,4,1,7,2,6,4,3,5,3,3,3,7,1,1,7,2,1,1,2,1,1,2,2,3,2,3,49,1,2,4,7
432,1,2,5,2,6,5,1,1,6,2,1,4,5,2,6,1,2,4,1,1,2,2,4,4,2,2,4,2,3,6,2,2,1,2,1,6,1,4,2,47,4,5,4,5
433,1,2,5,2,6,2,2,2,2,1,3,2,2,1,3,2,3,1,3,5,1,1,3,1,1,1,1,2,3,5,2,1,4,2,7,4,2,1,3,48,3,6,9,3
434,1,2,5,2,6,2,2,1,1,2,2,7,1,2,1,4,1,2,1,2,6,1,2,2,2,5,1,2,2,2,1,2,2,1,1,2,2,4,2,45,1,5,3,2
435,1,2,5,2,6,1,7,2,1,1,3,1,1,2,1,2,1,1,2,1,7,6,2,2,2,1,7,1,1,4,1,2,2,1,1,1,4,5,1,23,1,7,9,7
436,1,2,5,2,6,1,6,1,3,1,1,1,3,2,2,1,2,3,1,4,1,2,7,1,3,1,2,2,1,1,3,2,2,4,1,2,1,1,2,36,3,2,5,4
437,1,2,5,2,6,2,2,2,1,2,2,1,2,1,4,1,2,5,4,2,1,2,2,2,1,5,2,1,1,2,1,7,3,7,4,7,1,1,3,32,3,4,9,2
438,1,2,5,2,6,2,2,1,3,3,5,2,3,2,6,3,3,5,6,1,2,1,3,7,1,3,1,2,1,1,7,2,2,3,1,6,1,1,1,45,3,4,11,4
439,1,2,5,2,6,1,1,1,3,2,1,2,1,2,2,5,3,1,2,3,1,2,2,4,1,1,1,2,4,1,2,1,1,5,2,3,5,2,1,37,3,2,6,5
440,1,2,5,2,6,1,1,1,1,4,2,3,5,2,3,2,4,2,1,1,2,4,2,1,3,1,2,5,1,1,4,4,2,2,2,4,2,2,6,32,4,4,8,4
441,1,2,5,2,6,5,3,1,2,1,2,6,2,1,3,1,2,1,4,7,3,1,2,1,6,1,1,2,1,2,2,1,3,3,1,3,1,1,2,46,1,1,8,6
442,1,2,5,2,6,2,2,1,1,3,1,5,7,1,2,2,2,5,3,6,4,3,1,1,4,4,4,1,4,2,1,4,2,2,1,2,1,1,2,25,2,3,11,6
443,1,2,5,2,6,1,1,2,5,2,1,2,1,2,2,1,2,6,2,2,3,1,4,4,1,4,1,1,3,1,1,5,3,2,1,6,1,2,3,39,2,2,7,6
444,1,2,5,2,6,1,1,5,5,1,1,1,5,2,3,1,2,3,1,1,2,1,1,1,1,5,1,2,1,1,1,1,2,1,2,1,5,4,2,35,2,5,3,2
445,1,2,5,2,6,7,3,1,1,1,2,4,1,1,2,1,3,6,4,2,3,2,1,1,4,1,1,1,2,2,2,2,1,1,3,1,2,1,2,34,3,5,5,1
446,1,2,5,2,6,2,1,3,7,2,2,1,1,1,6,2,1,2,1,2,7,1,2,2,1,2,2,2,2,1,1,1,4,2,2,2,1,2,2,40,1,3,3,6
447,1,2,5,2,6,1,3,6,1,4,4,2,1,2,2,4,4,3,1,2,1,2,5,2,7,3,3,2,3,6,1,2,3,1,2,5,2,6,2,37,2,4,12,3
448,1,2,5,2,6,7,1,3,6,2,4,2,3,2,1,7,3,6,2,3,1,5,7,4,4,2,2,2,3,1,1,2,2,4,1,1,1,1,1,22,3,5,8,5
449,1,2,5,2,6,7,1,5,1,1,3,1,5,1,3,2,1,2,1,5,1,5,1,1,6,4,2,1,2,4,1,1,7,2,1,4,1,2,1,28,3,6,11,2
450,1,2,5,2,6,1,2,2,2,2,5,1,4,1,4,2,2,1,7,4,1,1,2,2,2,2,6,7,3,3,2,1,1,1,2,1,4,2,7,29,1,5,10,1
451,1,2,5,2,6,1,2,2,2,1,7,4,7,4,2,1,1,2,2,2,3,1,2,1,1,1,1,4,1,1,2,7,2,2,2,5,2,2,1,24,2,6,10,5
452,1,2,5,2,6,2,1,1,2,1,2,1,3,6,1,2,4,1,1,2,1,3,2,5,2,3,3,2,3,1,7,7,1,2,6,1,1,1,1,45,2,2,7,4
453,1,2,5,2,6,5,1,1,2,1,2,1,1,2,1,1,4,4,5,1,1,2,4,1,1,1,1,2,2,4,4,4,4,3,2,2,2,1,4,28,3,1,8,1
454,1,2,5,2,6,1,5,4,6,6,4,4,5,6,3,2,2,2,1,6,2,1,2,1,4,2,1,1,6,1,3,1,2,2,1,1,1,2,1,39,3,3,10,4
455,1,2,5,2,6,1,1,1,1,3,4,2,1,2,1,1,2,3,1,3,4,4,1,2,6,3,2,4,6,2,1,2,2,2,2,1,1,1,2,33,4,4,8,2
456,1,2,5,2,6,1,2,2,1,1,2,1,4,1,1,4,6,1,2,2,2,1,1,1,2,1,1,1,1,2,1,1,1,1,1,3,2,1,1,34,3,6,8,4
457,1,2,5,2,6,4,1,1,2,1,3,4,1,2,4,2,1,2,1,2,3,4,1,2,4,2,3,1,1,2,1,1,1,7,6,2,1,2,2,43,1,4,11,8
458,1,2,5,2,6,3,7,2,3,1,6,2,3,2,1,7,1,3,3,1,2,1,2,1,1,5,2,5,1,4,7,2,2,2,2,3,1,1,7,53,3,2,3,7
459,1,2,5,2,6,1,2,2,1,2,1,2,2,3,1,4,2,2,2,5,2,1,2,1,2,1,2,2,1,2,3,1,1,1,2,1,2,3,5,46,4,7,5,6
460,1,2,5,2,6,2,1,2,3,1,2,4,1,1,2,2,5,1,1,2,7,1,2,4,4,1,5,1,1,2,1,1,1,1,2,4,5,1,2,51,1,2,7,3
461,1,2,5,2,6,2,1,2,1,1,7,6,1,3,1,1,1,1,1,1,4,4,2,1,1,2,1,2,1,2,2,2,2,2,1,2,1,1,1,41,2,6,12,6
462,1,2,5,2,6,3,2,3,1,3,1,6,1,7,2,1,5,1,6,2,4,1,1,2,4,1,1,2,6,1,2,2,1,7,1,2,6,1,2,28,2,4,9,3
463,1,2,5,2,6,2,2,4,3,3,2,3,2,7,2,2,4,2,2,1,1,1,2,1,2,1,2,2,7,2,2,1,1,1,2,2,1,1,4,41,1,6,5,6
464,1,2,5,2,6,1,5,1,1,1,3,1,6,1,3,2,6,3,1,1,2,1,2,5,3,2,1,1,7,2,1,2,3,2,4,1,1,1,2,33,3,1,8,6
465,1,2,5,2,6,1,2,2,2,1,2,2,2,1,3,1,6,2,1,4,1,1,3,7,2,4,1,1,1,2,4,2,6,5,2,1,2,5,1,42,2,5,1,2
466,1,2,5,2,6,6,5,1,1,1,1,1,2,1,2,1,2,1,1,3,1,1,2,1,5,2,1,1,4,1,1,3,1,3,1,6,1,5,1,38,3,3,10,1
467,1,2,5,2,6,5,5,2,2,1,2,2,2,2,1,2,1,4,1,1,3,4,4,1,2,2,3,1,1,3,3,1,3,2,2,1,5,2,1,37,2,5,7,2
468,1,2,5,2,6,1,2,1,7,1,2,2,1,1,2,4,1,1,1,2,6,5,7,6,4,2,1,1,6,2,1,1,2,2,2,1,6,6,5,42,4,1,1,5
469,1,2,5,2,6,1,1,4,4,2,6,2,1,5,1,1,5,1,2,1,1,1,1,2,5,1,2,4,6,2,2,1,2,4,6,1,2,1,1,41,3,1,9,1
470,1,2,5,2,6,1,3,2,5,2,2,1,1,2,2,1,1,6,2,2,6,4,1,4,3,1,4,3,5,1,3,1,3,2,1,6,2,5,1,36,3,2,4,2
471,1,2,5,2,6,2,1,2,2,1,2,1,1,1,1,4,2,1,3,1,3,2,3,2,4,2,2,1,1,1,2,1,1,2,1,1,6,1,4,35,2,3,2,2
472,1,2,5,2,6,1,1,1,1,6,4,5,1,1,2,1,1,3,3,1,1,1,1,3,7,1,1,2,4,2,1,1,1,1,1,5,5,1,2,24,1,5,2,1
473,1,2,5,2,6,7,1,2,1,1,7,3,2,2,2,1,1,2,1,2,1,1,1,2,1,3,2,2,1,1,1,1,3,1,2,2,2,5,2,40,3,4,10,1
474,1,2,5,2,6,1,3,4,2,3,2,1,2,2,2,1,5,1,1,1,4,1,1,6,6,1,1,2,1,1,1,2,4,3,2,1,2,5,1,36,3,7,11,1
475,1,2,5,2,6,3,1,2,2,4,1,5,2,1,1,1,5,1,2,1,1,2,2,4,2,2,6,1,6,2,5,2,1,1,2,6,2,1,2,47,3,3,4,2
476,1,2,5,2,6,5,1,1,1,2,2,2,1,3,1,6,2,7,1,1,1,1,2,5,2,4,3,1,3,1,1,1,1,4,1,1,1,1,1,51,3,1,6,6
477,1,2,5,2,6,1,2,1,3,4,4,2,1,2,1,1,2,3,1,2,6,4,1,1,1,3,5,4,5,3,2,1,1,1,4,4,1,1,2,31,3,2,11,1
478,1,2,5,2,6,1,6,1,2,1,2,1,3,1,2,1,6,1,2,1,2,1,1,1,2,6,5,5,3,1,2,3,2,2,1,1,2,1,2,35,2,3,9,2
479,1,2,5,2,6,2,2,6,1,7,2,2,2,1,1,1,2,2,2,2,2,1,6,2,2,1,1,1,1,4,4,1,3,1,1,3,1,2,2,36,3,2,1,7
480,1,2,5,2,6,4,1,1,2,1,6,2,1,2,1,6,1,2,1,1,4,2,1,3,1,1,1,1,1,3,1,1,1,2,2,1,3,2,2,40,1,2,4,3
481,1,2,5,2,6,1,4,3,1,4,1,4,1,2,5,1,1,1,5,1,2,2,2,7,1,5,2,2,2,2,2,1,4,3,4,2,4,2,5,33,1,5,3,5
482,1,2,5,2,6,1,2,2,7,5,2,1,2,2,1,4,1,6,1,1,1,1,2,4,1,1,2,2,1,3,1,2,1,1,3,4,2,1,4,39,3,1,4,5
483,1,2,5,2,6,2,2,3,6,2,5,2,3,4,7,2,6,1,2,2,1,1,2,2,1,3,6,2,1,3,3,1,1,1,2,1,1,2,1,51,3,6,5,6
484,1,2,5,2,6,1,2,2,2,1,2,1,1,3,1,1,2,1,3,2,1,2,2,5,1,2,4,1,2,4,1,3,1,2,2,5,3,4,1,60,1,2,8,4
485,1,2,5,2,6,1,4,1,6,4,1,5,1,1,1,1,1,1,5,4,2,1,1,7,2,3,3,6,2,2,4,6,1,1,1,2,2,1,2,28,2,5,2,7
486,1,2,5,2,6,2,1,3,1,1,3,1,4,1,3,3,2,2,1,2,2,1,2,1,2,3,1,3,3,2,2,1,1,1,7,1,1,1,2,33,3,6,6,1
487,1,2,5,2,6,4,1,4,4,2,2,2,1,1,2,2,1,3,3,2,5,4,2,1,2,2,1,1,2,2,2,3,1,2,1,1,5,1,1,48,1,6,12,6
488,1,2,5,2,6,1,4,2,1,1,2,2,2,2,1,1,4,2,2,2,1,1,4,1,2,2,2,1,2,1,1,2,2,2,1,2,3,4,1,28,4,5,1,5
489,1,2,5,2,6,1,7,2,4,2,5,2,1,2,5,2,2,6,2,1,2,4,6,1,2,1,2,1,1,1,1,1,1,2,2,2,2,1,2,43,1,6,4,6
490,1,2,5,2,6,1,1,2,1,1,3,6,1,4,1,3,1,2,2,1,3,1,2,5,1,1,2,7,1,1,4,2,2,3,7,2,4,1,2,50,1,2,2,5
491,1,2,5,2,6,3,1,1,3,1,1,4,6,1,1,4,1,4,1,3,2,2,7,4,2,1,1,7,3,1,6,1,2,1,1,5,1,1,2,35,3,1,9,2
492,1,2,5,2,6,2,2,2,2,1,1,1,5,2,2,1,3,6,3,1,4,1,5,1,2,3,2,4,2,7,2,1,2,1,2,3,4,1,1,44,2,2,3,1
493,1,2,5,2,6,1,2,1,1,1,3,2,1,3,2,3,1,1,1,1,7,1,6,1,3,1,1,1,3,1,1,1,1,3,1,1,1,1,2,30,2,3,4,3
494,1,2,5,2,6,3,4,3,1,1,1,1,1,6,2,1,2,1,1,1,1,7,2,2,1,2,1,3,2,2,2,2,1,1,1,4,2,1,1,46,2,6,9,5
495,1,2,5,2,6,2,1,2,1,2,1,1,1,3,2,1,6,3,2,2,1,1,1,1,1,2,1,6,2,2,6,1,1,2,3,2,2,7,3,44,2,4,10,1
496,1,2,5,2,6,4,2,4,5,7,1,1,2,1,4,3,6,6,1,7,2,4,6,2,3,6,1,1,1,4,1,2,1,2,1,2,1,1,4,42,1,3,6,7
497,1,2,5,2,6,1,1,3,1,1,1,4,1,2,1,1,2,4,1,5,2,3,1,3,5,2,1,1,1,2,2,4,6,1,7,2,1,1,3,41,1,6,10,6
498,1,2,5,2,6,1,2,2,2,2,1,2,1,1,1,2,2,3,4,1,2,1,3,1,3,6,2,2,3,2,4,1,4,1,1,2,6,2,6,48,3,4,4,1
499,1,2,5,2,6,1,1,1,1,3,1,3,1,4,1,2,4,2,2,1,1,7,2,1,2,1,2,2,1,1,1,1,7,2,1,7,6,4,2,40,1,6,10,5
500,1,2,5,2,6,1,4,4,2,1,4,4,3,1,7,1,1,2,4,1,6,2,3,2,1,2,1,1,1,2,3,2,2,2,1,7,2,2,2,47,1,5,11,4
501,1,2,5,2,6,6,5,1,1,4,4,1,1,3,2,2,1,6,2,2,1,3,1,2,2,1,7,1,1,2,4,1,5,1,1,1,6,1,1,30,4,6,10,4
502,1,2,5,2,6,4,1,3,1,2,2,2,4,1,2,6,3,2,2,3,1,3,2,1,1,4,2,6,1,2,1,1,1,1,1,1,3,2,1,41,2,5,13,1
503,1,2,5,2,6,3,2,4,2,4,4,4,2,2,6,1,2,1,3,4,4,4,5,3,1,1,2,3,1,2,1,1,1,1,7,1,7,2,1,36,2,6,4,1
504,1,2,5,2,6,1,3,1,3,3,5,2,3,2,2,3,3,2,2,1,2,2,1,5,2,2,1,1,1,1,2,4,2,3,1,1,7,1,4,44,1,6,9,5
505,1,2,5,2,6,2,1,4,6,1,2,2,3,6,1,2,2,1,1,2,2,5,2,2,1,1,1,2,3,2,1,1,2,1,3,7,3,1,7,43,3,2,8,1
506,1,2,5,2,6,3,1,1,6,2,1,2,4,2,4,1,1,2,3,1,3,1,6,2,2,2,1,1,2,2,4,1,1,6,2,2,6,4,1,29,2,1,12,6
507,1,2,5,2,6,3,4,1,3,6,4,2,3,7,1,2,2,2,4,1,2,1,2,1,1,5,2,1,1,2,4,1,4,2,1,5,1,3,1,45,3,4,13,1
508,1,2,5,2,6,1,2,1,2,1,3,1,4,1,2,4,3,4,2,7,1,1,2,1,1,6,3,5,1,6,1,1,1,4,6,2,1,2,2,41,2,1,1,6
509,1,2,5,2,6,4,1,5,4,2,1,4,4,1,4,2,1,2,6,4,3,4,3,1,1,2,2,1,1,1,1,3,1,3,4,2,4,2,4,37,1,1,8,2
510,1,2,5,2,6,1,5,2,1,2,1,4,2,1,1,2,2,2,3,2,1,1,2,1,2,1,2,6,1,1,2,3,6,1,5,1,2,2,2,44,3,3,8,7
511,1,2,5,2,6,1,1,1,3,7,1,1,2,2,1,1,2,2,2,1,4,1,1,2,1,1,1,2,4,1,7,4,1,4,2,2,5,1,1,64,1,5,4,4
512,1,2,5,2,6,2,1,6,2,2,2,1,1,1,1,1,1,6,3,1,2,1,1,3,2,2,1,5,1,2,2,2,1,2,6,5,2,2,1,51,4,4,2,7
513,1,2,5,2,6,2,3,3,1,1,1,1,4,1,1,2,1,3,1,7,1,6,4,1,1,4,1,1,7,1,1,3,2,1,3,2,1,2,4,51,2,3,3,3
514,1,2,5,2,6,2,3,2,1,2,1,1,2,2,2,2,2,1,2,2,4,1,1,1,3,3,2,1,1,1,1,3,3,5,2,1,2,2,1,33,2,1,9,5
515,1,2,5,2,6,1,2,3,2,1,1,6,1,2,1,7,4,1,1,2,4,2,3,3,2,5,2,3,2,5,1,1,1,2,2,1,2,1,1,36,1,2,10,1
516,1,2,5,2,6,6,5,2,4,1,2,2,4,2,6,2,1,5,5,1,1,7,3,3,1,1,3,4,7,6,3,5,1,1,1,1,1,1,4,29,1,6,4,5
517,1,2,5,2,6,2,1,1,5,7,7,1,2,1,1,1,1,1,3,1,2,4,3,1,1,2,1,2,2,1,7,1,6,3,5,3,1,1,2,39,1,2,1,1
518,1,2,5,2,6,1,1,4,2,2,7,7,1,2,2,2,4,2,4,1,3,4,2,2,2,7,4,3,2,1,1,1,2,1,1,2,2,2,2,25,3,6,2,3
519,1,2,5,2,6,1,3,2,1,1,1,1,1,2,1,2,6,2,7,6,4,2,3,1,1,2,3,1,1,1,1,1,1,2,1,3,4,1,2,38,3,4,4,6
520,1,2,5,2,6,1,1,2,2,3,2,1,1,5,2,3,1,2,3,3,4,2,1,1,1,4,2,1,2,2,3,1,2,1,3,1,1,2,1,23,3,2,4,6
521,1,2,5,2,6,6,1,2,3,2,1,3,4,4,2,2,2,3,2,1,3,2,4,1,2,2,5,2,2,1,1,1,2,2,1,2,1,5,2,25,2,1,2,5
522,1,2,5,2,6,1,2,2,1,1,2,1,1,1,1,1,6,6,2,1,2,4,2,1,3,6,2,2,4,2,1,4,7,6,1,5,1,1,2,53,1,7,6,2
523,1,2,5,2,6,1,3,1,6,6,7,7,2,1,4,2,1,1,7,2,1,2,1,2,1,5,1,2,6,2,1,1,1,1,3,2,1,1,2,26,2,5,2,4
524,1,2,5,2,6,1,2,3,1,7,3,1,2,4,2,1,4,7,7,1,2,2,1,3,3,7,1,2,4,6,4,3,7,1,1,3,3,1,4,41,3,6,11,1
525,1,2,5,2,6,5,1,3,1,1,2,1,3,7,3,1,3,2,1,2,1,2,2,2,2,4,7,1,1,3,2,5,1,1,2,1,2,2,1,33,1,4,11,2
526,1,2,5,2,6,1,1,2,4,1,2,2,1,4,1,1,1,1,1,1,1,1,1,2,4,5,4,2,4,2,4,2,3,2,1,2,1,1,1,37,2,1,3,6
527,1,2,5,2,6,7,2,1,3,2,2,4,2,4,1,1,2,1,6,1,2,5,2,1,3,1,1,1,1,3,6,3,1,2,2,7,1,1,3,29,2,5,10,1
528,1,2,5,2,6,2,2,2,2,3,4,1,1,2,2,3,4,5,7,2,2,3,2,2,5,2,1,2,1,1,1,2,6,5,1,1,1,4,1,51,3,2,13,7
529,1,2,5,2,6,1,3,2,4,1,7,4,5,2,1,1,2,1,4,1,2,2,2,2,6,3,2,1,1,2,5,2,2,1,1,1,1,6,2,37,3,3,11,3
530,1,2,5,2,6,5,2,5,2,4,2,1,1,2,3,6,1,3,2,1,1,4,7,7,5,2,1,1,1,2,1,5,2,2,6,3,1,6,2,55,1,2,7,2
531,1,2,5,2,6,1,1,1,4,1,1,2,2,2,4,3,1,1,4,1,1,2,1,4,1,2,2,2,2,2,1,6,2,7,3,2,1,1,1,23,3,2,4,2
532,1,2,5,2,6,1,3,1,1,1,3,2,1,2,1,1,2,7,1,2,7,2,2,6,4,1,2,2,1,1,2,4,1,4,2,2,2,2,3,48,1,5,12,6
533,1,2,5,2,6,2,1,6,2,1,2,4,1,2,2,1,1,1,1,1,2,2,1,5,6,2,4,3,1,2,4,1,4,1,2,2,2,2,4,43,1,6,2,4
534,1,2,5,2,6,3,1,4,3,6,6,3,6,4,1,5,2,2,5,1,1,3,1,2,1,2,2,2,3,3,1,1,4,1,2,3,4,2,1,43,1,6,10,4
535,1,2,5,2,6,3,7,2,6,2,4,2,4,2,2,1,2,1,7,2,1,6,2,3,1,5,1,1,1,1,2,5,1,1,2,5,1,2,1,50,3,3,5,7
536,1,2,5,2,6,1,2,1,7,2,1,2,2,3,1,1,5,2,1,2,3,4,1,1,1,2,3,1,2,4,4,1,3,6,4,2,1,2,2,52,1,2,5,6
537,1,2,5,2,6,3,4,1,4,5,4,3,1,1,1,1,3,4,1,1,2,1,1,1,1,4,3,1,2,2,6,1,1,1,1,4,1,1,2,39,1,1,8,2
538,1,2,5,2,6,1,1,1,2,2,3,2,7,4,4,5,1,2,1,1,1,1,1,5,4,3,1,1,1,2,2,3,1,1,1,1,2,1,2,56,1,3,4,5
539,1,2,5,2,6,3,1,3,1,2,2,1,1,2,1,1,1,3,2,1,4,1,3,2,2,1,3,6,1,3,2,1,1,2,2,1,4,2,2,15,2,1,9,4
540,1,2,5,2,6,5,3,1,6,1,1,2,2,2,2,1,1,2,3,1,2,7,2,1,1,1,3,1,2,2,5,1,1,4,1,6,1,2,1,31,2,5,6,5
541,1,2,5,2,6,2,6,1,2,1,2,4,1,1,2,2,1,2,2,2,1,2,2,6,1,2,1,4,2,2,1,2,1,1,1,1,1,1,3,51,2,3,3,7
542,1,2,5,2,6,1,1,1,1,6,6,1,3,4,4,2,4,2,1,2,2,7,4,1,2,3,2,1,2,6,2,2,4,1,1,1,2,2,1,28,3,4,7,1
543,1,2,5,2,6,1,3,1,2,1,5,3,4,7,2,6,2,3,3,2,1,1,6,5,3,3,7,3,2,1,3,2,1,1,1,2,1,2,2,43,2,6,5,1
544,1,2,5,2,6,1,1,1,1,4,6,1,3,3,2,1,2,2,1,2,2,1,1,2,1,3,2,2,1,1,4,6,2,1,1,7,2,2,4,37,3,4,9,1
545,1,2,5,2,6,1,2,2,1,2,3,4,1,1,7,6,7,6,1,5,2,6,1,1,1,1,1,4,3,3,7,3,3,2,2,4,1,1,5,46,3,6,13,3
546,1,2,5,2,6,1,2,1,1,1,3,2,6,2,1,2,5,2,2,2,1,1,1,3,4,1,3,1,1,1,1,1,2,1,2,1,3,2,2,49,2,5,3,7
547,1,2,5,2,6,1,2,1,6,2,2,1,7,1,4,1,3,2,1,2,3,2,6,1,2,4,1,7,1,1,1,3,1,2,2,2,2,1,2,34,2,1,1,5
548,1,2,5,2,6,3,1,4,2,5,3,3,1,1,2,4,1,1,2,2,5,1,2,2,2,1,2,1,1,3,6,1,1,5,6,1,3,2,2,38,1,1,2,5
549,1,2,5,2,6,1,1,5,1,4,2,1,5,3,6,2,2,1,3,2,4,3,2,1,4,6,1,2,4,2,3,1,7,6,2,4,1,2,1,38,3,1,4,5
550,1,2,5,2,6,1,2,2,2,1,4,2,1,6,1,6,1,1,4,3,1,1,1,1,1,6,3,2,2,2,1,5,1,2,2,4,1,1,2,26,1,2,5,4
551,1,2,5,2,6,2,7,2,1,2,1,1,5,2,1,1,6,1,5,1,2,1,5,3,2,2,1,1,2,4,1,1,1,2,1,2,2,1,2,32,3,3,13,7
552,1,2,5,2,6,3,3,1,1,3,2,3,4,1,1,1,2,4,4,2,1,4,1,4,1,4,4,1,1,1,2,1,2,1,1,7,1,2,2,42,3,5,5,2
553,1,2,5,2,6,2,2,1,2,1,2,3,5,1,4,1,2,1,4,7,1,2,1,1,1,1,1,1,1,2,1,7,3,5,4,1,3,1,4,31,1,3,2,5
554,1,2,5,2,6,1,1,1,1,2,1,2,3,2,5,2,1,1,1,4,1,5,6,4,1,2,7,4,2,1,2,3,1,2,5,3,3,1,2,34,4,7,8,5
555,1,2,5,2,6,1,6,3,6,2,2,3,2,2,1,5,1,3,1,2,2,2,1,3,1,1,4,5,2,2,6,1,1,3,1,4,2,4,2,44,3,4,4,3
556,1,2,5,2,6,1,1,5,2,1,1,2,1,2,2,2,3,1,1,4,7,1,1,1,2,1,2,1,2,4,1,1,1,1,1,1,3,4,1,41,1,5,7,6
557,1,2,5,2,6,2,4,2,1,2,1,2,2,1,1,1,2,1,1,1,1,1,1,1,5,2,5,1,4,1,1,3,1,1,7,4,1,1,1,44,4,1,12,7
558,1,2,5,2,6,5,6,2,1,7,2,2,4,2,1,5,2,1,2,2,2,3,2,2,5,3,2,3,1,2,1,1,1,6,2,2,1,1,2,50,3,6,4,7
559,1,2,5,2,6,3,1,1,2,2,5,1,1,1,2,1,1,7,4,2,1,1,2,3,2,3,1,1,1,5,1,6,1,7,5,1,4,1,6,33,3,4,5,6
560,1,2,5,2,6,4,5,1,2,5,1,4,3,1,5,3,1,1,2,1,4,2,1,1,1,3,2,2,1,2,2,2,1,4,1,2,2,2,1,31,3,1,8,3
561,1,2,5,2,6,1,7,5,1,2,1,1,4,6,1,2,4,2,1,1,1,2,2,2,1,1,2,1,2,1,3,3,7,1,1,1,7,1,2,35,3,3,12,5
562,1,2,5,2,6,1,4,2,1,1,4,1,4,3,1,1,2,2,2,2,6,1,1,4,2,5,7,2,1,2,1,3,1,5,2,1,2,1,3,34,4,2,5,8
563,1,2,5,2,6,2,1,2,1,5,3,1,2,1,2,1,1,2,6,4,2,2,1,2,5,2,3,6,1,4,1,1,1,3,2,2,2,1,2,44,3,1,11,7
564,1,2,5,2,6,2,3,3,1,1,1,1,2,1,1,5,3,1,2,1,7,1,2,5,2,1,2,2,1,2,2,5,1,3,2,1,2,1,2,34,1,5,12,3
565,1,2,5,2,6,3,7,3,1,3,1,1,1,3,3,2,1,5,3,5,2,4,5,3,1,2,2,1,2,1,1,2,1,7,4,1,1,2,2,24,3,3,13,7
566,1,2,5,2,6,1,7,1,4,1,4,4,5,2,1,3,4,1,2,4,1,2,2,3,2,2,2,2,2,2,1,5,2,4,2,2,1,1,2,40,3,4,11,2
567,1,2,5,2,6,1,1,3,2,2,1,4,3,2,1,1,1,3,1,1,1,2,2,2,1,2,1,2,2,1,6,1,3,2,3,1,2,2,1,51,2,5,10,7
568,1,2,5,2,6,4,1,2,3,4,1,2,1,2,1,1,1,2,1,2,1,2,1,7,4,2,1,2,1,1,4,1,1,5,2,3,1,1,1,33,1,1,7,2
569,1,2,5,2,6,2,2,1,2,1,2,6,3,4,4,1,3,1,5,1,1,2,4,2,1,3,2,6,1,5,1,1,5,1,2,5,7,2,1,30,2,2,8,7
570,1,2,5,2,6,2,3,1,2,1,1,1,3,6,4,4,1,2,3,3,4,2,6,2,2,1,2,3,2,2,2,1,5,3,3,5,1,5,2,34,3,4,3,5
571,1,2,5,2,6,1,1,3,5,2,1,3,3,1,1,3,3,1,2,1,3,1,2,7,2,1,1,2,3,5,2,2,7,2,2,1,5,1,2,22,3,1,9,6
572,1,2,5,2,6,1,2,1,3,1,2,1,2,1,1,1,7,2,1,3,1,1,2,2,2,2,1,3,4,2,2,4,3,4,6,1,2,4,2,47,1,5,12,3
573,1,2,5,2,6,4,2,1,1,2,1,3,4,2,1,1,2,3,1,2,2,3,1,1,2,2,2,1,7,3,1,1,1,4,2,4,2,7,1,29,4,6,3,5
574,1,2,5,2,6,4,3,2,3,2,2,2,2,1,1,7,6,1,1,1,5,3,1,2,2,1,1,7,2,2,1,1,2,3,4,2,2,2,2,30,3,5,12,3
575,1,2,5,2,6,3,2,4,2,2,3,1,1,2,7,7,3,2,3,2,1,1,3,2,1,4,4,2,4,1,2,1,1,2,2,1,2,1,2,38,3,4,1,2
576,1,2,5,2,6,4,2,1,2,1,7,1,3,4,3,2,1,1,2,1,2,2,2,1,2,1,1,2,2,2,6,3,2,1,2,3,2,1,1,29,2,6,9,5
577,1,2,5,2,6,4,1,7,7,4,3,1,1,3,4,1,2,2,2,1,1,7,6,1,1,1,2,2,1,3,1,1,2,1,1,3,3,3,1,39,2,1,11,1
578,1,2,5,2,6,1,2,1,1,1,1,3,1,1,3,1,7,4,2,1,4,2,2,3,4,2,2,2,3,5,2,2,3,5,4,1,1,1,2,29,1,4,1,6
579,1,2,5,2,6,3,5,1,1,1,1,7,2,1,4,7,3,1,5,2,2,1,2,1,5,2,1,1,5,3,1,2,1,4,2,1,5,2,2,55,1,2,2,8
580,1,2,5,2,6,2,1,2,1,1,2,1,2,6,2,2,2,1,2,1,2,5,1,2,3,1,3,1,1,5,5,6,1,1,5,1,6,1,2,39,2,5,10,4
581,1,2,5,2,6,4,1,1,2,4,1,6,1,2,2,1,2,4,7,2,2,1,7,2,2,2,1,1,1,1,2,2,1,1,2,2,1,4,2,52,3,2,10,3
582,1,2,5,2,6,1,1,4,1,1,2,4,4,1,2,7,2,1,3,5,2,4,3,1,1,1,2,6,1,1,2,1,1,1,2,2,2,7,1,43,2,1,12,2
583,1,2,5,2,6,1,1,7,1,1,1,1,2,5,1,2,1,2,1,1,1,4,3,2,1,1,1,6,7,4,2,1,6,6,1,1,2,4,1,34,2,1,3,2
584,1,2,5,2,6,1,2,1,3,1,1,5,1,5,1,7,2,1,2,2,2,2,5,1,6,1,1,1,4,6,1,1,4,1,5,1,6,5,3,29,3,4,1,4
585,1,2,5,2,6,6,2,7,1,1,3,1,4,1,1,3,1,1,2,1,5,2,2,2,2,2,2,2,2,6,6,1,2,1,2,6,2,3,2,40,1,5,4,7
586,1,2,5,2,6,1,1,1,1,1,1,1,1,1,1,1,2,1,2,7,2,1,2,3,1,3,2,1,4,1,1,2,2,6,1,1,3,2,2,38,2,3,2,4
587,1,2,5,2,6,2,1,1,3,1,1,1,1,1,1,2,1,1,2,2,4,5,2,2,1,6,1,7,2,1,2,1,4,1,3,4,3,4,1,41,1,1,3,6
588,1,2,5,2,6,1,2,1,1,2,3,1,1,2,2,2,1,6,1,1,1,1,4,1,1,4,1,2,6,3,1,3,1,2,1,2,1,1,1,35,2,3,7,1
589,1,2,5,2,6,1,2,4,4,2,5,3,4,3,1,3,2,2,2,1,2,1,1,2,2,2,1,1,2,7,2,1,1,1,6,2,1,7,6,40,4,3,10,5
590,1,2,5,2,6,1,1,3,1,1,2,3,1,1,2,2,1,1,4,1,1,1,1,5,1,2,2,2,3,6,2,2,3,3,1,6,1,7,2,27,3,2,3,4
591,1,2,5,2,6,1,2,3,1,2,1,1,2,1,2,2,6,1,2,3,3,1,1,2,2,5,2,4,2,2,4,4,2,1,4,2,4,2,2,35,3,1,6,3
592,1,2,5,2,6,2,1,2,2,4,4,6,1,2,4,1,2,1,1,2,7,2,1,1,1,1,5,1,3,7,1,1,1,2,2,4,1,1,4,41,4,2,12,3
593,1,2,5,2,6,1,6,6,2,4,2,3,3,1,2,1,4,4,7,1,1,2,3,1,2,7,2,1,1,1,2,6,1,2,4,5,1,1,1,46,2,2,6,8
594,1,2,5,2,6,1,1,1,3,1,1,1,2,1,1,1,2,2,2,1,2,1,1,7,2,2,1,5,3,1,3,3,1,3,1,1,1,1,1,28,2,4,8,3
595,1,2,5,2,6,3,6,1,2,2,1,4,2,4,2,2,6,3,3,1,2,1,2,1,1,2,5,1,5,2,1,5,5,3,1,3,1,6,5,31,4,5,3,2
596,1,2,5,2,6,1,2,3,2,1,6,2,1,3,1,1,2,1,2,2,2,2,2,1,1,2,3,4,3,3,4,7,3,1,1,1,2,2,3,42,1,1,2,4
597,1,2,5,2,6,1,1,2,2,5,1,1,2,3,2,3,6,4,2,1,4,5,1,7,3,1,2,1,1,4,4,1,2,5,3,1,1,2,5,27,1,1,4,4
598,1,2,5,2,6,4,2,5,1,4,4,1,3,5,4,1,1,2,1,2,1,2,1,1,3,3,2,7,1,2,4,1,1,3,1,2,2,2,1,28,2,6,9,2
599,1,2,5,2,6,2,2,2,1,1,1,2,2,2,2,1,2,1,2,1,2,2,1,2,1,1,2,5,1,2,1,4,1,2,2,1,5,1,2,42,1,3,9,1
600,1,2,5,2,6,1,2,1,2,1,1,2,1,5,2,1,1,3,5,1,1,2,2,1,2,2,3,1,1,4,1,2,3,3,2,1,2,2,2,38,3,7,12,6
